dataset,experiment_name,method,have_seeds,missing_seeds,complete_3seed
cifar10,kaggle_cifar10_full,finetune,42 43 44,,True
cifar10,kaggle_cifar10_full,ewc,42 43 44,,True
cifar10,kaggle_cifar10_full,lwf,42 43 44,,True
cifar10,kaggle_cifar10_full,etf_anchor,42 43 44,,True
cifar10,kaggle_cifar10_lwf_etf_strong,lwf_etf,42 43 44,,True
cifar100,kaggle_cifar_full,finetune,42,43 44,False
cifar100,kaggle_cifar_full,ewc,42,43 44,False
cifar100,kaggle_cifar_full,lwf,42 43 44,,True
cifar100,kaggle_etf_sparse,etf_anchor,42,43 44,False
cifar100,kaggle_lwf_etf_strong,lwf_etf,42 43 44,,True
