step,task_id,nc1,nc2,nc3,nc4,trained_task_id,task1_accuracy,task1_forgetting
0,0,49.25425720214844,0.038249071687459946,0.306514173746109,0.8019999861717224,0,,
7900,0,49.16090774536133,0.04130847007036209,0.3157729506492615,0.7940000295639038,1,0.6905,-0.0010000000000000009
7950,0,54.9913215637207,0.04529191181063652,0.38682347536087036,0.7770000100135803,1,0.6545,0.03500000000000003
8000,0,56.4014778137207,0.04046684876084328,0.378900408744812,0.7599999904632568,1,0.6565,0.03300000000000003
8050,0,60.6399040222168,0.039538003504276276,0.3763863444328308,0.7580000162124634,1,0.6435,0.04600000000000004
8100,0,59.00830841064453,0.04845346137881279,0.3901042938232422,0.7304999828338623,1,0.6485,0.041000000000000036
8150,0,55.46021270751953,0.04580947011709213,0.37439024448394775,0.7494999766349792,1,0.648,0.04149999999999998
8200,0,54.931121826171875,0.049678221344947815,0.3808327317237854,0.7350000143051147,1,0.635,0.05449999999999999
8250,0,55.97260665893555,0.04515073075890541,0.35858720541000366,0.7549999952316284,1,0.6455,0.04400000000000004
8300,0,54.909332275390625,0.041988804936409,0.3730856776237488,0.7490000128746033,1,0.6515,0.038000000000000034
8350,0,60.29164505004883,0.04585442319512367,0.3731042444705963,0.7714999914169312,1,0.6535,0.03600000000000003
8400,0,58.1830940246582,0.045828092843294144,0.3678109645843506,0.7559999823570251,1,0.6475,0.04200000000000004
8450,0,55.659217834472656,0.04218734800815582,0.3604874014854431,0.7785000205039978,1,0.6575,0.03200000000000003
8500,0,53.742469787597656,0.044554974883794785,0.3754761517047882,0.7490000128746033,1,0.661,0.02849999999999997
8550,0,55.18878173828125,0.04675242677330971,0.3643907606601715,0.7574999928474426,1,0.662,0.02749999999999997
8600,0,52.900115966796875,0.04502617195248604,0.3584297299385071,0.7509999871253967,1,0.652,0.03749999999999998
8650,0,55.688377380371094,0.04299403727054596,0.3555341958999634,0.7689999938011169,1,0.6555,0.03400000000000003
8700,0,54.11650466918945,0.04383525252342224,0.36008501052856445,0.7444999814033508,1,0.6505,0.039000000000000035
8750,0,54.01325607299805,0.04281444102525711,0.36575308442115784,0.7450000047683716,1,0.651,0.03849999999999998
8800,0,53.2938232421875,0.04978099465370178,0.36438241600990295,0.7519999742507935,1,0.653,0.03649999999999998
8850,0,52.79645919799805,0.04695737734436989,0.3607531189918518,0.7505000233650208,1,0.6435,0.04600000000000004
8900,0,55.291748046875,0.04231993108987808,0.3568856716156006,0.7429999709129333,1,0.6485,0.041000000000000036
8950,0,51.72570037841797,0.044654712080955505,0.3476601243019104,0.7630000114440918,1,0.6595,0.030000000000000027
9000,0,53.31001663208008,0.044734735041856766,0.3559454083442688,0.7595000267028809,1,0.65,0.03949999999999998
9050,0,58.353660583496094,0.04525564983487129,0.34723132848739624,0.7490000128746033,1,0.654,0.035499999999999976
9100,0,55.609336853027344,0.04071549326181412,0.3520149886608124,0.7505000233650208,1,0.6465,0.04300000000000004
9150,0,55.57786178588867,0.04394010081887245,0.3535458743572235,0.7524999976158142,1,0.6505,0.039000000000000035
9200,0,55.98388671875,0.04194473475217819,0.35623934864997864,0.7494999766349792,1,0.6605,0.029000000000000026
9250,0,55.18998336791992,0.045041948556900024,0.35876840353012085,0.7639999985694885,1,0.653,0.03649999999999998
9300,0,52.460670471191406,0.04837942495942116,0.363626629114151,0.7620000243186951,1,0.661,0.02849999999999997
9350,0,53.65181350708008,0.045925311744213104,0.37091976404190063,0.7674999833106995,1,0.6535,0.03600000000000003
9400,0,53.871620178222656,0.044577401131391525,0.3661785423755646,0.7674999833106995,1,0.6535,0.03600000000000003
9450,0,53.90918731689453,0.043810948729515076,0.35326895117759705,0.7634999752044678,1,0.6535,0.03600000000000003
9500,0,52.79216766357422,0.04204516112804413,0.3586294651031494,0.7595000267028809,1,0.66,0.02949999999999997
9550,0,54.26506423950195,0.043910808861255646,0.35527002811431885,0.7584999799728394,1,0.6535,0.03600000000000003
9600,0,52.78102493286133,0.044477082788944244,0.3554733395576477,0.7519999742507935,1,0.662,0.02749999999999997
9650,0,52.7536506652832,0.044067542999982834,0.35240069031715393,0.7450000047683716,1,0.652,0.03749999999999998
9700,0,53.489341735839844,0.044719208031892776,0.35752689838409424,0.7720000147819519,1,0.656,0.033499999999999974
9750,0,55.913856506347656,0.04456095024943352,0.3565412163734436,0.7590000033378601,1,0.65,0.03949999999999998
9800,0,55.187339782714844,0.043520957231521606,0.3417624831199646,0.7745000123977661,1,0.654,0.035499999999999976
9850,0,54.606109619140625,0.04662798345088959,0.35618677735328674,0.7639999985694885,1,0.6555,0.03400000000000003
9900,0,55.1104621887207,0.0424155630171299,0.3422645628452301,0.7549999952316284,1,0.6565,0.03300000000000003
9950,0,53.78759002685547,0.04280920699238777,0.34021806716918945,0.7674999833106995,1,0.6565,0.03300000000000003
10000,0,53.1648063659668,0.04594697058200836,0.34309229254722595,0.7649999856948853,1,0.6675,0.02200000000000002
10050,0,54.168418884277344,0.04573359712958336,0.34830981492996216,0.7639999985694885,1,0.6495,0.040000000000000036
10100,0,52.504676818847656,0.043455544859170914,0.34693649411201477,0.7549999952316284,1,0.659,0.03049999999999997
10150,0,54.016387939453125,0.041045673191547394,0.34071260690689087,0.7599999904632568,1,0.655,0.034499999999999975
10200,0,53.79705047607422,0.043819230049848557,0.3451980948448181,0.7645000219345093,1,0.6615,0.028000000000000025
10250,0,54.125457763671875,0.04634414613246918,0.3380785286426544,0.7689999938011169,1,0.655,0.034499999999999975
10300,0,52.68819046020508,0.04343568533658981,0.3406384587287903,0.7570000290870667,1,0.655,0.034499999999999975
10350,0,53.37581253051758,0.04326511546969414,0.34704500436782837,0.7549999952316284,1,0.6475,0.04200000000000004
10400,0,54.63523483276367,0.04637228697538376,0.34029054641723633,0.7684999704360962,1,0.661,0.02849999999999997
10450,0,51.93250274658203,0.04154794663190842,0.337451696395874,0.7745000123977661,1,0.663,0.026499999999999968
10500,0,56.3305549621582,0.04191610962152481,0.3355887830257416,0.7620000243186951,1,0.6485,0.041000000000000036
10550,0,52.334327697753906,0.0411781370639801,0.3384472727775574,0.765500009059906,1,0.6595,0.030000000000000027
10600,0,52.35106658935547,0.04153009131550789,0.33977752923965454,0.7509999871253967,1,0.655,0.034499999999999975
10650,0,52.22772979736328,0.044006213545799255,0.3403472900390625,0.7630000114440918,1,0.6555,0.03400000000000003
10700,0,53.099639892578125,0.04288308322429657,0.3436283469200134,0.7699999809265137,1,0.656,0.033499999999999974
10750,0,53.73460006713867,0.042415689677000046,0.3381631374359131,0.7570000290870667,1,0.6575,0.03200000000000003
10800,0,52.495018005371094,0.04322859272360802,0.3408418297767639,0.7749999761581421,1,0.6535,0.03600000000000003
10850,0,53.49495315551758,0.04138873890042305,0.3332521915435791,0.7720000147819519,1,0.6535,0.03600000000000003
10900,0,53.937782287597656,0.04476812109351158,0.3359924256801605,0.7609999775886536,1,0.664,0.025499999999999967
10950,0,52.959075927734375,0.044286277145147324,0.34424102306365967,0.7820000052452087,1,0.6665,0.02300000000000002
11000,0,53.36457443237305,0.03996873274445534,0.3318091630935669,0.7730000019073486,1,0.6605,0.029000000000000026
11050,0,51.2565803527832,0.0460980050265789,0.33166712522506714,0.7749999761581421,1,0.6675,0.02200000000000002
11100,0,52.94173049926758,0.04215617477893829,0.3363781273365021,0.7559999823570251,1,0.6585,0.031000000000000028
11150,0,52.12678146362305,0.044455576688051224,0.3315727710723877,0.7724999785423279,1,0.6665,0.02300000000000002
11200,0,53.0157585144043,0.04241068661212921,0.3320282995700836,0.7630000114440918,1,0.6685,0.02100000000000002
11250,0,53.836021423339844,0.04189639911055565,0.32849985361099243,0.7674999833106995,1,0.6605,0.029000000000000026
11300,0,51.64298629760742,0.04392125830054283,0.3253665268421173,0.7870000004768372,1,0.6725,0.017000000000000015
11350,0,52.67665481567383,0.042692117393016815,0.32844722270965576,0.7714999914169312,1,0.665,0.024499999999999966
11400,0,52.949623107910156,0.04375923424959183,0.32629162073135376,0.784500002861023,1,0.666,0.023499999999999965
11450,0,53.48627853393555,0.041696902364492416,0.32618242502212524,0.7894999980926514,1,0.6715,0.018000000000000016
11500,0,52.72133255004883,0.044341620057821274,0.3307035565376282,0.7804999947547913,1,0.676,0.013499999999999956
11550,0,53.020652770996094,0.03989071026444435,0.32672935724258423,0.7904999852180481,1,0.672,0.01749999999999996
11600,0,51.83897018432617,0.03996836394071579,0.3237706124782562,0.7764999866485596,1,0.6755,0.014000000000000012
11650,0,53.611541748046875,0.04182197153568268,0.3249641954898834,0.781499981880188,1,0.6785,0.01100000000000001
11700,0,51.1165885925293,0.044352736324071884,0.32314208149909973,0.7835000157356262,1,0.6575,0.03200000000000003
11750,0,49.65519714355469,0.040422435849905014,0.32454976439476013,0.7860000133514404,1,0.664,0.025499999999999967
11800,0,51.4871826171875,0.04438019171357155,0.32467108964920044,0.7754999995231628,1,0.663,0.026499999999999968
11850,0,50.967803955078125,0.043875303119421005,0.33097949624061584,0.7875000238418579,1,0.6605,0.029000000000000026
11900,0,52.804710388183594,0.038983575999736786,0.3211718499660492,0.7839999794960022,1,0.668,0.021499999999999964
11950,0,49.859169006347656,0.04219678416848183,0.32464399933815,0.7879999876022339,1,0.676,0.013499999999999956
12000,0,51.335487365722656,0.03933386132121086,0.3247706890106201,0.7785000205039978,1,0.6695,0.020000000000000018
12050,0,49.623817443847656,0.04097077623009682,0.3274633586406708,0.7699999809265137,1,0.669,0.020499999999999963
12100,0,51.985618591308594,0.040701545774936676,0.3215062618255615,0.7904999852180481,1,0.6725,0.017000000000000015
12150,0,51.472801208496094,0.04198719933629036,0.3190890848636627,0.7854999899864197,1,0.6745,0.015000000000000013
12200,0,53.1607780456543,0.0409742034971714,0.3208678364753723,0.7820000052452087,1,0.671,0.01849999999999996
12250,0,52.78684616088867,0.039710186421871185,0.31712427735328674,0.7875000238418579,1,0.673,0.01649999999999996
12300,0,52.798187255859375,0.04159734025597572,0.31745225191116333,0.7860000133514404,1,0.668,0.021499999999999964
12350,0,50.752864837646484,0.04141874983906746,0.31356900930404663,0.7829999923706055,1,0.678,0.011499999999999955
12400,0,50.10582733154297,0.04311278089880943,0.3172954320907593,0.7825000286102295,1,0.6745,0.015000000000000013
12450,0,49.66660690307617,0.04187759757041931,0.316896915435791,0.7940000295639038,1,0.682,0.007499999999999951
12500,0,50.273658752441406,0.04127286747097969,0.31550848484039307,0.7795000076293945,1,0.6725,0.017000000000000015
12550,0,50.798561096191406,0.04088640213012695,0.3143177628517151,0.7804999947547913,1,0.6775,0.01200000000000001
12600,0,49.80501174926758,0.03968445211648941,0.31590935587882996,0.7954999804496765,1,0.683,0.00649999999999995
12650,0,49.5844612121582,0.04100809991359711,0.3124818205833435,0.8009999990463257,1,0.673,0.01649999999999996
12700,0,49.74399185180664,0.04051760584115982,0.3137357532978058,0.7960000038146973,1,0.683,0.00649999999999995
12750,0,49.2552375793457,0.0391240231692791,0.3126213848590851,0.784500002861023,1,0.675,0.014499999999999957
12800,0,50.070343017578125,0.040252894163131714,0.307468980550766,0.7925000190734863,1,0.676,0.013499999999999956
12850,0,50.781776428222656,0.041984278708696365,0.31216689944267273,0.8019999861717224,1,0.6715,0.018000000000000016
12900,0,49.83143997192383,0.040863409638404846,0.31122174859046936,0.7944999933242798,1,0.669,0.020499999999999963
12950,0,50.304840087890625,0.038760650902986526,0.3047100901603699,0.7910000085830688,1,0.6795,0.010000000000000009
13000,0,49.51612091064453,0.03977808728814125,0.30733588337898254,0.7960000038146973,1,0.678,0.011499999999999955
13050,0,49.849159240722656,0.03814426809549332,0.30799704790115356,0.7940000295639038,1,0.6825,0.007000000000000006
13100,0,50.63577651977539,0.03971302509307861,0.3072701692581177,0.7914999723434448,1,0.6855,0.0040000000000000036
13150,0,50.09587478637695,0.038560133427381516,0.30133694410324097,0.7979999780654907,1,0.679,0.010499999999999954
13200,0,49.513572692871094,0.04061153158545494,0.30572396516799927,0.7990000247955322,1,0.6765,0.013000000000000012
13250,0,49.63212203979492,0.0406193770468235,0.3058911859989166,0.7885000109672546,1,0.677,0.012499999999999956
13300,0,50.01356506347656,0.03951786458492279,0.3051132559776306,0.7889999747276306,1,0.682,0.007499999999999951
13350,0,50.19468688964844,0.0399811826646328,0.30448853969573975,0.7870000004768372,1,0.681,0.008499999999999952
13400,0,50.203208923339844,0.03993607684969902,0.3059220016002655,0.8009999990463257,1,0.68,0.009499999999999953
13450,0,50.01174545288086,0.03942582383751869,0.30599039793014526,0.7950000166893005,1,0.6795,0.010000000000000009
13500,0,48.94544219970703,0.03834763914346695,0.3020729124546051,0.7910000085830688,1,0.685,0.0044999999999999485
13550,0,49.7325439453125,0.03896685689687729,0.30292460322380066,0.809499979019165,1,0.686,0.0034999999999999476
13600,0,49.69094467163086,0.039008382707834244,0.30049562454223633,0.8009999990463257,1,0.6845,0.0050000000000000044
13650,0,50.02872085571289,0.03868570178747177,0.2981182634830475,0.8029999732971191,1,0.6905,-0.0010000000000000009
13700,0,49.42158508300781,0.03799186646938324,0.2985451817512512,0.8059999942779541,1,0.688,0.0015000000000000568
13750,0,49.64319610595703,0.03885573148727417,0.30217552185058594,0.8034999966621399,1,0.682,0.007499999999999951
13800,0,50.50249481201172,0.04003960266709328,0.2987060844898224,0.8059999942779541,1,0.688,0.0015000000000000568
13850,0,49.305084228515625,0.03970744088292122,0.2963779866695404,0.8115000128746033,1,0.6885,0.0010000000000000009
13900,0,50.155616760253906,0.03895200788974762,0.29889151453971863,0.8034999966621399,1,0.6845,0.0050000000000000044
13950,0,50.31759262084961,0.03943612799048424,0.29784923791885376,0.8144999742507935,1,0.6865,0.0030000000000000027
14000,0,49.3912239074707,0.03870263695716858,0.2986909747123718,0.8015000224113464,1,0.6875,0.0020000000000000018
14050,0,50.70995330810547,0.03888727352023125,0.2972704768180847,0.8165000081062317,1,0.6875,0.0020000000000000018
14100,0,50.14565658569336,0.038026925176382065,0.2955445647239685,0.8009999990463257,1,0.69,-0.0004999999999999449
14150,0,49.41047286987305,0.03843497857451439,0.29655221104621887,0.8069999814033508,1,0.693,-0.0034999999999999476
14200,0,49.091861724853516,0.03885594382882118,0.29572856426239014,0.8029999732971191,1,0.6885,0.0010000000000000009
14250,0,49.913963317871094,0.03846395015716553,0.29684126377105713,0.809499979019165,1,0.6895,0.0
14300,0,49.95030975341797,0.03918775916099548,0.30102095007896423,0.8009999990463257,1,0.688,0.0015000000000000568
14350,0,49.46300506591797,0.038766201585531235,0.2948548197746277,0.8159999847412109,1,0.6915,-0.0020000000000000018
14400,0,49.67632293701172,0.03891374543309212,0.29728537797927856,0.8034999966621399,1,0.688,0.0015000000000000568
14450,0,49.7724723815918,0.03909102827310562,0.29531997442245483,0.8029999732971191,1,0.692,-0.0024999999999999467
14500,0,49.63767623901367,0.03863082081079483,0.2954145669937134,0.8125,1,0.6865,0.0030000000000000027
14550,0,50.103721618652344,0.038466084748506546,0.2964845299720764,0.8025000095367432,1,0.692,-0.0024999999999999467
14600,0,49.70479965209961,0.03853621333837509,0.29646122455596924,0.8050000071525574,1,0.6875,0.0020000000000000018
14650,0,49.78209686279297,0.03878767043352127,0.2955913543701172,0.8040000200271606,1,0.6935,-0.0040000000000000036
14700,0,49.496971130371094,0.03766042739152908,0.2935965955257416,0.8130000233650208,1,0.6915,-0.0020000000000000018
14750,0,49.89751434326172,0.03827013820409775,0.29372459650039673,0.8054999709129333,1,0.691,-0.0014999999999999458
14800,0,49.88471984863281,0.03797723725438118,0.29331424832344055,0.8130000233650208,1,0.6875,0.0020000000000000018
14850,0,50.00108337402344,0.03836958855390549,0.2939525842666626,0.8075000047683716,1,0.6875,0.0020000000000000018
14900,0,50.058414459228516,0.03840368986129761,0.29426953196525574,0.8050000071525574,1,0.69,-0.0004999999999999449
14950,0,49.92021560668945,0.038333021104335785,0.2919405996799469,0.8144999742507935,1,0.689,0.000500000000000056
15000,0,49.79225540161133,0.03829615190625191,0.29347434639930725,0.8140000104904175,1,0.692,-0.0024999999999999467
15050,0,49.63398361206055,0.038544803857803345,0.2921172082424164,0.8084999918937683,1,0.6925,-0.0030000000000000027
15100,0,49.549800872802734,0.03821231424808502,0.2927321791648865,0.8090000152587891,1,0.6915,-0.0020000000000000018
15150,0,49.733909606933594,0.0385313518345356,0.2943459749221802,0.8115000128746033,1,0.694,-0.0044999999999999485
15200,0,49.55244445800781,0.038204606622457504,0.29256123304367065,0.8125,1,0.6925,-0.0030000000000000027
15250,0,49.64495849609375,0.03880595788359642,0.29437556862831116,0.8105000257492065,1,0.692,-0.0024999999999999467
15300,0,49.6394157409668,0.037993259727954865,0.2930282652378082,0.8134999871253967,1,0.6935,-0.0040000000000000036
15350,0,49.56456756591797,0.03858058154582977,0.29282450675964355,0.8140000104904175,1,0.6905,-0.0010000000000000009
15400,0,49.679283142089844,0.038450900465250015,0.2931296229362488,0.8130000233650208,1,0.692,-0.0024999999999999467
15450,0,49.552833557128906,0.03853257745504379,0.29248329997062683,0.8109999895095825,1,0.6935,-0.0040000000000000036
15500,0,49.654693603515625,0.03784426301717758,0.29170122742652893,0.8075000047683716,1,0.6895,0.0
15550,0,49.43535232543945,0.03882927820086479,0.2942969799041748,0.8159999847412109,1,0.692,-0.0024999999999999467
15600,0,49.37998962402344,0.0381009466946125,0.2929958999156952,0.8125,1,0.6925,-0.0030000000000000027
15650,0,49.328433990478516,0.03828956559300423,0.2922934591770172,0.8130000233650208,1,0.691,-0.0014999999999999458
15700,0,49.54258346557617,0.038513123989105225,0.29282280802726746,0.8100000023841858,1,0.6925,-0.0030000000000000027
15750,0,49.553436279296875,0.03893325850367546,0.2936163544654846,0.8109999895095825,1,0.693,-0.0034999999999999476
1,0,49.80189895629883,0.038017574697732925,0.29314160346984863,0.8134999871253967,1,,
1,1,56.8998908996582,0.0689198449254036,0.3215492367744446,0.7415000200271606,1,,
15800,0,49.874229431152344,0.03807871416211128,0.2925334572792053,0.8125,2,0.694,-0.0044999999999999485
15850,0,57.83392333984375,0.048788171261548996,0.3510393500328064,0.7639999985694885,2,0.6865,0.0030000000000000027
15900,0,53.7479362487793,0.04602232575416565,0.33960437774658203,0.7670000195503235,2,0.663,0.026499999999999968
15950,0,55.77465057373047,0.044808030128479004,0.34051138162612915,0.7720000147819519,2,0.667,0.022499999999999964
16000,0,58.352745056152344,0.0490729883313179,0.3445911407470703,0.765999972820282,2,0.6575,0.03200000000000003
16050,0,54.72893524169922,0.044579289853572845,0.3306332230567932,0.7695000171661377,2,0.673,0.01649999999999996
16100,0,53.80145263671875,0.04525192826986313,0.3397420346736908,0.7620000243186951,2,0.6665,0.02300000000000002
16150,0,53.277587890625,0.043644484132528305,0.3337113559246063,0.7590000033378601,2,0.6635,0.026000000000000023
16200,0,54.45109176635742,0.04498795419931412,0.3342075049877167,0.7605000138282776,2,0.6655,0.02400000000000002
16250,0,55.56501007080078,0.04315456748008728,0.3316757082939148,0.777999997138977,2,0.666,0.023499999999999965
16300,0,55.26593017578125,0.04478360712528229,0.3411787152290344,0.7710000276565552,2,0.665,0.024499999999999966
16350,0,52.01171875,0.045542649924755096,0.32891151309013367,0.7684999704360962,2,0.672,0.01749999999999996
16400,0,56.392555236816406,0.04952547326683998,0.33970996737480164,0.7555000185966492,2,0.6675,0.02200000000000002
16450,0,54.979835510253906,0.046239785850048065,0.33136051893234253,0.7630000114440918,2,0.663,0.026499999999999968
16500,0,55.60167694091797,0.04540440812706947,0.33795851469039917,0.7584999799728394,2,0.657,0.03249999999999997
16550,0,56.38840866088867,0.045285776257514954,0.3325882852077484,0.7649999856948853,2,0.666,0.023499999999999965
16600,0,53.626197814941406,0.048976678401231766,0.332864373922348,0.7599999904632568,2,0.6625,0.027000000000000024
16650,0,56.359100341796875,0.04557646065950394,0.3298739194869995,0.777999997138977,2,0.6535,0.03600000000000003
16700,0,55.15363693237305,0.04474112391471863,0.3259716331958771,0.7509999871253967,2,0.655,0.034499999999999975
16750,0,54.01106643676758,0.0487971194088459,0.328217089176178,0.7820000052452087,2,0.6655,0.02400000000000002
16800,0,57.67634201049805,0.04374443739652634,0.3326161801815033,0.7689999938011169,2,0.653,0.03649999999999998
16850,0,55.44367218017578,0.047068990767002106,0.33042192459106445,0.7714999914169312,2,0.6545,0.03500000000000003
16900,0,54.75971221923828,0.04574599117040634,0.3231980800628662,0.7674999833106995,2,0.6605,0.029000000000000026
16950,0,56.30170822143555,0.04389696195721626,0.3276282846927643,0.7730000019073486,2,0.6645,0.025000000000000022
17000,0,54.78571701049805,0.0470835380256176,0.32588428258895874,0.7680000066757202,2,0.6725,0.017000000000000015
17050,0,53.29039764404297,0.04534320905804634,0.323941171169281,0.7484999895095825,2,0.659,0.03049999999999997
17100,0,52.303504943847656,0.04388049617409706,0.32070276141166687,0.762499988079071,2,0.6645,0.025000000000000022
17150,0,54.1706657409668,0.04519858583807945,0.31980034708976746,0.7580000162124634,2,0.6625,0.027000000000000024
17200,0,55.35210418701172,0.04514502361416817,0.3172442317008972,0.7720000147819519,2,0.6575,0.03200000000000003
17250,0,55.09639358520508,0.04909435659646988,0.3220966160297394,0.7475000023841858,2,0.6565,0.03300000000000003
17300,0,53.89044189453125,0.04212358966469765,0.3179716467857361,0.7785000205039978,2,0.6545,0.03500000000000003
17350,0,53.86223602294922,0.04372274503111839,0.31804582476615906,0.7680000066757202,2,0.667,0.022499999999999964
17400,0,54.63100051879883,0.04316627234220505,0.3134436309337616,0.7799999713897705,2,0.6745,0.015000000000000013
17450,0,53.68170928955078,0.04631037637591362,0.31974172592163086,0.7799999713897705,2,0.669,0.020499999999999963
17500,0,53.8233757019043,0.04402221366763115,0.3222233057022095,0.7649999856948853,2,0.6555,0.03400000000000003
17550,0,53.65013885498047,0.0438862107694149,0.3121780455112457,0.7749999761581421,2,0.6605,0.029000000000000026
17600,0,54.129913330078125,0.04215773567557335,0.31872886419296265,0.7630000114440918,2,0.663,0.026499999999999968
17650,0,54.578041076660156,0.04509716108441353,0.316882848739624,0.7799999713897705,2,0.6695,0.020000000000000018
17700,0,54.0610237121582,0.04177660867571831,0.3196563720703125,0.7760000228881836,2,0.688,0.0015000000000000568
17750,0,55.386375427246094,0.04374619200825691,0.3175486922264099,0.7699999809265137,2,0.666,0.023499999999999965
17800,0,55.51982498168945,0.04326755553483963,0.32217851281166077,0.7645000219345093,2,0.6555,0.03400000000000003
17850,0,54.2196159362793,0.045360345393419266,0.3129033148288727,0.7570000290870667,2,0.6745,0.015000000000000013
17900,0,53.26155471801758,0.04234830290079117,0.3155742585659027,0.7590000033378601,2,0.66,0.02949999999999997
17950,0,53.011497497558594,0.04249456152319908,0.31215834617614746,0.7825000286102295,2,0.6685,0.02100000000000002
18000,0,54.6761360168457,0.04374231398105621,0.314096599817276,0.7490000128746033,2,0.664,0.025499999999999967
18050,0,53.919090270996094,0.041851531714200974,0.312866747379303,0.7754999995231628,2,0.672,0.01749999999999996
18100,0,53.32550048828125,0.041352804750204086,0.3075527548789978,0.7789999842643738,2,0.666,0.023499999999999965
18150,0,55.76267623901367,0.04199247434735298,0.3050840497016907,0.7645000219345093,2,0.674,0.015499999999999958
18200,0,53.93743133544922,0.04343191906809807,0.3138563930988312,0.7649999856948853,2,0.6705,0.019000000000000017
18250,0,55.687477111816406,0.04200577363371849,0.310217946767807,0.7739999890327454,2,0.6675,0.02200000000000002
18300,0,55.40289306640625,0.04583578184247017,0.3149722218513489,0.7724999785423279,2,0.667,0.022499999999999964
18350,0,55.37900924682617,0.041238412261009216,0.30938199162483215,0.7754999995231628,2,0.6665,0.02300000000000002
18400,0,54.49824142456055,0.04246630519628525,0.3130999207496643,0.7634999752044678,2,0.665,0.024499999999999966
18450,0,51.66844940185547,0.04448474571108818,0.30843088030815125,0.777999997138977,2,0.669,0.020499999999999963
18500,0,53.78361129760742,0.04173747077584267,0.31406718492507935,0.7590000033378601,2,0.668,0.021499999999999964
18550,0,56.630348205566406,0.04295985400676727,0.3070027530193329,0.7754999995231628,2,0.666,0.023499999999999965
18600,0,57.4404296875,0.04126715660095215,0.3104289770126343,0.7664999961853027,2,0.661,0.02849999999999997
18650,0,55.091224670410156,0.04501015692949295,0.3080703616142273,0.7804999947547913,2,0.661,0.02849999999999997
18700,0,53.331703186035156,0.043558333069086075,0.3080883324146271,0.7774999737739563,2,0.665,0.024499999999999966
18750,0,53.828086853027344,0.042315080761909485,0.30603066086769104,0.7774999737739563,2,0.662,0.02749999999999997
18800,0,54.29365158081055,0.040990401059389114,0.29927510023117065,0.7789999842643738,2,0.67,0.019499999999999962
18850,0,53.5023078918457,0.04531796649098396,0.30797678232192993,0.7680000066757202,2,0.664,0.025499999999999967
18900,0,53.393310546875,0.044157348573207855,0.29880672693252563,0.7724999785423279,2,0.6735,0.016000000000000014
18950,0,52.630409240722656,0.043986424803733826,0.3009912371635437,0.7770000100135803,2,0.665,0.024499999999999966
19000,0,53.323402404785156,0.043900709599256516,0.3022841811180115,0.7789999842643738,2,0.671,0.01849999999999996
19050,0,54.32440185546875,0.04267154633998871,0.30242642760276794,0.7684999704360962,2,0.673,0.01649999999999996
19100,0,53.745216369628906,0.043675072491168976,0.29798516631126404,0.784500002861023,2,0.667,0.022499999999999964
19150,0,53.05493927001953,0.04312184453010559,0.2972632646560669,0.7894999980926514,2,0.6755,0.014000000000000012
19200,0,53.432701110839844,0.04186786711215973,0.2999503016471863,0.765999972820282,2,0.675,0.014499999999999957
19250,0,53.8643684387207,0.04416113719344139,0.3015216588973999,0.7804999947547913,2,0.6725,0.017000000000000015
19300,0,54.450904846191406,0.04293349012732506,0.29855719208717346,0.7760000228881836,2,0.683,0.00649999999999995
19350,0,54.32576370239258,0.043024539947509766,0.3017205595970154,0.7795000076293945,2,0.673,0.01649999999999996
19400,0,53.1021614074707,0.04386063665151596,0.30415159463882446,0.7615000009536743,2,0.667,0.022499999999999964
19450,0,53.71708297729492,0.042716383934020996,0.2984204888343811,0.7875000238418579,2,0.667,0.022499999999999964
19500,0,53.240440368652344,0.043053511530160904,0.29586169123649597,0.7695000171661377,2,0.676,0.013499999999999956
19550,0,53.01476287841797,0.043111614882946014,0.2961718440055847,0.7820000052452087,2,0.6715,0.018000000000000016
19600,0,53.838523864746094,0.03995006904006004,0.295704185962677,0.7879999876022339,2,0.6765,0.013000000000000012
19650,0,53.739585876464844,0.04074256122112274,0.29223868250846863,0.7860000133514404,2,0.6775,0.01200000000000001
19700,0,53.02458572387695,0.0408022366464138,0.29264265298843384,0.7935000061988831,2,0.6805,0.009000000000000008
19750,0,53.057029724121094,0.043468326330184937,0.29706883430480957,0.7674999833106995,2,0.6655,0.02400000000000002
19800,0,52.448974609375,0.042648833245038986,0.2943892478942871,0.7875000238418579,2,0.674,0.015499999999999958
19850,0,52.31914138793945,0.04406417906284332,0.29571807384490967,0.8019999861717224,2,0.6805,0.009000000000000008
19900,0,52.751976013183594,0.043181709945201874,0.2915704846382141,0.7875000238418579,2,0.671,0.01849999999999996
19950,0,51.82489776611328,0.042145151644945145,0.2941523790359497,0.7885000109672546,2,0.681,0.008499999999999952
20000,0,52.683876037597656,0.042522311210632324,0.2939535677433014,0.7854999899864197,2,0.6845,0.0050000000000000044
20050,0,52.6807975769043,0.041451916098594666,0.28943461179733276,0.7885000109672546,2,0.67,0.019499999999999962
20100,0,52.56640625,0.041285816580057144,0.29345089197158813,0.777999997138977,2,0.6725,0.017000000000000015
20150,0,52.526214599609375,0.04291079565882683,0.29450181126594543,0.7850000262260437,2,0.68,0.009499999999999953
20200,0,53.02552032470703,0.04204365611076355,0.2922864258289337,0.7789999842643738,2,0.6765,0.013000000000000012
20250,0,52.8443717956543,0.04102408513426781,0.29303616285324097,0.7825000286102295,2,0.6835,0.006000000000000005
20300,0,52.24919891357422,0.041768334805965424,0.29141849279403687,0.7835000157356262,2,0.679,0.010499999999999954
20350,0,52.496673583984375,0.04115112125873566,0.2901415526866913,0.7724999785423279,2,0.673,0.01649999999999996
20400,0,50.9564208984375,0.04009542614221573,0.29105836153030396,0.777999997138977,2,0.677,0.012499999999999956
20450,0,51.934906005859375,0.04063922539353371,0.2902364134788513,0.7935000061988831,2,0.683,0.00649999999999995
20500,0,52.79607009887695,0.04199161008000374,0.287526935338974,0.7820000052452087,2,0.681,0.008499999999999952
20550,0,52.3001823425293,0.041962794959545135,0.2896520495414734,0.7875000238418579,2,0.6785,0.01100000000000001
20600,0,52.3272705078125,0.04126931354403496,0.2848825454711914,0.7799999713897705,2,0.6775,0.01200000000000001
20650,0,52.68320846557617,0.04054528474807739,0.2868969738483429,0.7799999713897705,2,0.675,0.014499999999999957
20700,0,52.65795135498047,0.04254322871565819,0.2905585765838623,0.7860000133514404,2,0.6795,0.010000000000000009
20750,0,52.73149871826172,0.04204239696264267,0.28921160101890564,0.7879999876022339,2,0.678,0.011499999999999955
20800,0,51.47905349731445,0.04231211170554161,0.28583288192749023,0.7904999852180481,2,0.687,0.0024999999999999467
20850,0,51.88731002807617,0.04229963570833206,0.2858547568321228,0.7820000052452087,2,0.6775,0.01200000000000001
20900,0,52.84795379638672,0.041854918003082275,0.2868364155292511,0.7944999933242798,2,0.681,0.008499999999999952
20950,0,51.87041091918945,0.04148939624428749,0.2880071699619293,0.7839999794960022,2,0.6825,0.007000000000000006
21000,0,51.98767852783203,0.041127122938632965,0.2865903079509735,0.7885000109672546,2,0.682,0.007499999999999951
21050,0,53.1248664855957,0.04174834117293358,0.2877899706363678,0.7889999747276306,2,0.6805,0.009000000000000008
21100,0,52.956809997558594,0.0401623360812664,0.2863062620162964,0.7894999980926514,2,0.686,0.0034999999999999476
21150,0,52.9815559387207,0.0416296049952507,0.28680628538131714,0.7870000004768372,2,0.681,0.008499999999999952
21200,0,52.4551887512207,0.04073828458786011,0.28614452481269836,0.7804999947547913,2,0.6835,0.006000000000000005
21250,0,52.72511672973633,0.041772015392780304,0.2839109003543854,0.7900000214576721,2,0.6825,0.007000000000000006
21300,0,52.19715118408203,0.042174410074949265,0.2844347655773163,0.7960000038146973,2,0.6815,0.008000000000000007
21350,0,52.2159309387207,0.04042700305581093,0.2838899493217468,0.7854999899864197,2,0.6825,0.007000000000000006
21400,0,52.37241744995117,0.041391246020793915,0.28258052468299866,0.7925000190734863,2,0.684,0.005499999999999949
21450,0,53.398345947265625,0.041341185569763184,0.28253108263015747,0.7919999957084656,2,0.6785,0.01100000000000001
21500,0,52.940399169921875,0.04063916578888893,0.2816173732280731,0.7850000262260437,2,0.6835,0.006000000000000005
21550,0,52.722801208496094,0.04132768511772156,0.28186434507369995,0.781499981880188,2,0.6855,0.0040000000000000036
21600,0,52.967063903808594,0.04064706340432167,0.2810841202735901,0.7864999771118164,2,0.6805,0.009000000000000008
21650,0,52.760215759277344,0.04069536179304123,0.28306323289871216,0.7919999957084656,2,0.684,0.005499999999999949
21700,0,52.471336364746094,0.040580954402685165,0.2822282910346985,0.7904999852180481,2,0.6865,0.0030000000000000027
21750,0,52.689781188964844,0.0405048131942749,0.27935948967933655,0.7904999852180481,2,0.678,0.011499999999999955
21800,0,52.78314971923828,0.04053322970867157,0.28236544132232666,0.784500002861023,2,0.683,0.00649999999999995
21850,0,52.72185134887695,0.0409768782556057,0.27928438782691956,0.7994999885559082,2,0.6825,0.007000000000000006
21900,0,52.713836669921875,0.04026835411787033,0.27973613142967224,0.7954999804496765,2,0.6905,-0.0010000000000000009
21950,0,52.27802276611328,0.04085297882556915,0.2814663052558899,0.7914999723434448,2,0.6885,0.0010000000000000009
22000,0,53.06269454956055,0.0399329774081707,0.2790035903453827,0.7850000262260437,2,0.688,0.0015000000000000568
22050,0,52.70800018310547,0.0408070832490921,0.28019529581069946,0.8019999861717224,2,0.685,0.0044999999999999485
22100,0,52.68806838989258,0.04079386219382286,0.28082916140556335,0.7870000004768372,2,0.688,0.0015000000000000568
22150,0,52.41230392456055,0.04112831875681877,0.2801785469055176,0.7889999747276306,2,0.685,0.0044999999999999485
22200,0,53.07501983642578,0.0403510220348835,0.2787160873413086,0.7929999828338623,2,0.684,0.005499999999999949
22250,0,52.04296875,0.04054737836122513,0.27868860960006714,0.7860000133514404,2,0.6845,0.0050000000000000044
22300,0,52.19034957885742,0.03973124548792839,0.27895963191986084,0.7875000238418579,2,0.691,-0.0014999999999999458
22350,0,51.64911651611328,0.04011031240224838,0.27878671884536743,0.7950000166893005,2,0.6885,0.0010000000000000009
22400,0,51.752342224121094,0.04012144356966019,0.27922719717025757,0.7885000109672546,2,0.6875,0.0020000000000000018
22450,0,52.03204345703125,0.03987092897295952,0.2778835594654083,0.7910000085830688,2,0.6895,0.0
22500,0,51.96352005004883,0.040670521557331085,0.2789730429649353,0.7870000004768372,2,0.687,0.0024999999999999467
22550,0,52.301307678222656,0.04032473638653755,0.2781537175178528,0.796999990940094,2,0.6855,0.0040000000000000036
22600,0,52.032508850097656,0.04036608338356018,0.278902143239975,0.7929999828338623,2,0.6875,0.0020000000000000018
22650,0,52.27614212036133,0.04011131450533867,0.27886202931404114,0.7889999747276306,2,0.684,0.005499999999999949
22700,0,52.159820556640625,0.04027056321501732,0.27769702672958374,0.7879999876022339,2,0.685,0.0044999999999999485
22750,0,52.14397048950195,0.040533922612667084,0.27909788489341736,0.7900000214576721,2,0.6875,0.0020000000000000018
22800,0,52.19942092895508,0.04012226313352585,0.27757933735847473,0.7894999980926514,2,0.69,-0.0004999999999999449
22850,0,51.99913787841797,0.040098998695611954,0.2784746289253235,0.7975000143051147,2,0.689,0.000500000000000056
22900,0,52.12262725830078,0.04004274681210518,0.27728384733200073,0.7944999933242798,2,0.688,0.0015000000000000568
22950,0,52.16796875,0.04003513976931572,0.2765043377876282,0.7954999804496765,2,0.6875,0.0020000000000000018
23000,0,52.118614196777344,0.040008775889873505,0.2766271233558655,0.7929999828338623,2,0.6895,0.0
23050,0,52.268760681152344,0.04009704291820526,0.2775201201438904,0.8029999732971191,2,0.684,0.005499999999999949
23100,0,52.0313720703125,0.040486786514520645,0.27621549367904663,0.8009999990463257,2,0.688,0.0015000000000000568
23150,0,52.071266174316406,0.04039378464221954,0.27734142541885376,0.7954999804496765,2,0.6895,0.0
23200,0,52.09886932373047,0.039824582636356354,0.2768518924713135,0.7994999885559082,2,0.6865,0.0030000000000000027
23250,0,52.07551193237305,0.0402657650411129,0.27754974365234375,0.7985000014305115,2,0.684,0.005499999999999949
23300,0,52.031959533691406,0.04015045985579491,0.27684831619262695,0.7975000143051147,2,0.687,0.0024999999999999467
23350,0,52.17827606201172,0.04006743058562279,0.27701646089553833,0.7944999933242798,2,0.6865,0.0030000000000000027
23400,0,52.135902404785156,0.040018267929553986,0.2765134572982788,0.796999990940094,2,0.687,0.0024999999999999467
23450,0,51.898780822753906,0.040300872176885605,0.2770417034626007,0.7944999933242798,2,0.6875,0.0020000000000000018
23500,0,52.08385467529297,0.04065045714378357,0.27741697430610657,0.7985000014305115,2,0.687,0.0024999999999999467
23550,0,51.913475036621094,0.040220245718955994,0.2773396670818329,0.7940000295639038,2,0.685,0.0044999999999999485
23600,0,52.18259811401367,0.040241438895463943,0.2769842743873596,0.7979999780654907,2,0.686,0.0034999999999999476
23650,0,52.201873779296875,0.040146272629499435,0.2765278220176697,0.796500027179718,2,0.686,0.0034999999999999476
2,0,52.19670486450195,0.04051217436790466,0.27898338437080383,0.7944999933242798,2,,
2,1,62.440032958984375,0.0774478018283844,0.3460167944431305,0.7325000166893005,2,,
2,2,49.45148849487305,0.04938007518649101,0.32220104336738586,0.7565000057220459,2,,
23700,0,52.03662109375,0.040981899946928024,0.27915507555007935,0.7929999828338623,3,0.682,0.007499999999999951
23750,0,54.250579833984375,0.04617541283369064,0.31540244817733765,0.7544999718666077,3,0.6755,0.014000000000000012
23800,0,56.7030143737793,0.04652233049273491,0.31243896484375,0.7710000276565552,3,0.6585,0.031000000000000028
23850,0,56.9732780456543,0.04998594522476196,0.31455785036087036,0.7645000219345093,3,0.652,0.03749999999999998
23900,0,55.590179443359375,0.048015035688877106,0.30981263518333435,0.7684999704360962,3,0.6695,0.020000000000000018
23950,0,54.95587158203125,0.04708639532327652,0.31555142998695374,0.7745000123977661,3,0.658,0.03149999999999997
24000,0,54.77617263793945,0.047662653028964996,0.31082719564437866,0.7710000276565552,3,0.6585,0.031000000000000028
24050,0,56.90185546875,0.04563891887664795,0.3110348880290985,0.765500009059906,3,0.6605,0.029000000000000026
24100,0,54.9633674621582,0.04854780435562134,0.31401583552360535,0.7749999761581421,3,0.6645,0.025000000000000022
24150,0,55.51081466674805,0.04867227375507355,0.30798792839050293,0.7615000009536743,3,0.663,0.026499999999999968
24200,0,55.30280303955078,0.04835740476846695,0.31227320432662964,0.7680000066757202,3,0.664,0.025499999999999967
24250,0,56.81525421142578,0.04979565367102623,0.3148356080055237,0.7599999904632568,3,0.6555,0.03400000000000003
24300,0,57.06450653076172,0.04628295823931694,0.31183314323425293,0.7860000133514404,3,0.668,0.021499999999999964
24350,0,55.277793884277344,0.04779129847884178,0.3134910762310028,0.762499988079071,3,0.6525,0.03700000000000003
24400,0,57.14967727661133,0.04629223421216011,0.3068893551826477,0.7664999961853027,3,0.6615,0.028000000000000025
24450,0,57.178733825683594,0.04823575168848038,0.3081030547618866,0.765999972820282,3,0.662,0.02749999999999997
24500,0,58.53239822387695,0.048069264739751816,0.317516028881073,0.7459999918937683,3,0.655,0.034499999999999975
24550,0,57.7874641418457,0.04977675527334213,0.31349605321884155,0.765999972820282,3,0.659,0.03049999999999997
24600,0,58.8443489074707,0.04883725196123123,0.31689348816871643,0.7584999799728394,3,0.6325,0.05700000000000005
24650,0,55.18052291870117,0.04351705312728882,0.3091070055961609,0.7714999914169312,3,0.6565,0.03300000000000003
24700,0,56.63501739501953,0.043394897133111954,0.31137681007385254,0.7720000147819519,3,0.6625,0.027000000000000024
24750,0,58.32158279418945,0.046989209949970245,0.3169286251068115,0.7574999928474426,3,0.643,0.046499999999999986
24800,0,56.89085006713867,0.047570593655109406,0.31308677792549133,0.762499988079071,3,0.6575,0.03200000000000003
24850,0,56.43903732299805,0.04530143737792969,0.3162424564361572,0.7689999938011169,3,0.6555,0.03400000000000003
24900,0,55.60695266723633,0.048217251896858215,0.31373462080955505,0.7699999809265137,3,0.6565,0.03300000000000003
24950,0,54.5815315246582,0.04522981122136116,0.31161031126976013,0.7609999775886536,3,0.6495,0.040000000000000036
25000,0,56.369659423828125,0.04311000928282738,0.3105405867099762,0.765500009059906,3,0.6605,0.029000000000000026
25050,0,54.4859733581543,0.046614546328783035,0.31128937005996704,0.7615000009536743,3,0.658,0.03149999999999997
25100,0,55.134376525878906,0.046135298907756805,0.3126947581768036,0.7570000290870667,3,0.6405,0.049000000000000044
25150,0,56.260337829589844,0.0491243451833725,0.31386107206344604,0.7524999976158142,3,0.6475,0.04200000000000004
25200,0,55.93259811401367,0.046499498188495636,0.3091490566730499,0.7565000057220459,3,0.654,0.035499999999999976
25250,0,58.150718688964844,0.04582320898771286,0.3078632056713104,0.7524999976158142,3,0.658,0.03149999999999997
25300,0,56.621612548828125,0.04625413939356804,0.30889075994491577,0.7599999904632568,3,0.6485,0.041000000000000036
25350,0,54.99336624145508,0.05084709823131561,0.31513479351997375,0.7720000147819519,3,0.6635,0.026000000000000023
25400,0,55.93830490112305,0.04849529266357422,0.31751781702041626,0.7544999718666077,3,0.656,0.033499999999999974
25450,0,55.534706115722656,0.04839218035340309,0.3116239309310913,0.753000020980835,3,0.6505,0.039000000000000035
25500,0,56.49229049682617,0.04900139942765236,0.3063320517539978,0.7570000290870667,3,0.655,0.034499999999999975
25550,0,57.43421173095703,0.044772982597351074,0.30750536918640137,0.7764999866485596,3,0.6555,0.03400000000000003
25600,0,55.320701599121094,0.04910583421587944,0.3159227967262268,0.7580000162124634,3,0.664,0.025499999999999967
25650,0,55.88196563720703,0.047729212790727615,0.3107586205005646,0.7540000081062317,3,0.656,0.033499999999999974
25700,0,55.479774475097656,0.04751560464501381,0.3101373016834259,0.7570000290870667,3,0.656,0.033499999999999974
25750,0,55.761741638183594,0.045447491109371185,0.30763956904411316,0.7584999799728394,3,0.6495,0.040000000000000036
25800,0,54.41719436645508,0.046429071575403214,0.31095796823501587,0.762499988079071,3,0.6495,0.040000000000000036
25850,0,57.327735900878906,0.04580939561128616,0.307975709438324,0.7570000290870667,3,0.665,0.024499999999999966
25900,0,55.67403030395508,0.04630838707089424,0.3077654242515564,0.7745000123977661,3,0.658,0.03149999999999997
25950,0,53.978981018066406,0.04641634225845337,0.30609411001205444,0.7764999866485596,3,0.661,0.02849999999999997
26000,0,54.122962951660156,0.044306252151727676,0.310053288936615,0.765500009059906,3,0.66,0.02949999999999997
26050,0,55.213294982910156,0.04524163529276848,0.3072631359100342,0.7730000019073486,3,0.6585,0.031000000000000028
26100,0,59.4229621887207,0.04811159893870354,0.3112717866897583,0.7565000057220459,3,0.6595,0.030000000000000027
26150,0,56.26128005981445,0.047792308032512665,0.3063783347606659,0.7615000009536743,3,0.653,0.03649999999999998
26200,0,56.486122131347656,0.04716013744473457,0.30924397706985474,0.7595000267028809,3,0.6495,0.040000000000000036
26250,0,56.60402297973633,0.046952228993177414,0.3057378828525543,0.7785000205039978,3,0.655,0.034499999999999975
26300,0,54.819007873535156,0.04584018886089325,0.306439608335495,0.7754999995231628,3,0.6595,0.030000000000000027
26350,0,56.467994689941406,0.04673820734024048,0.3094150424003601,0.7774999737739563,3,0.6535,0.03600000000000003
26400,0,55.964317321777344,0.04653052240610123,0.30538180470466614,0.765500009059906,3,0.6505,0.039000000000000035
26450,0,56.079078674316406,0.04645070433616638,0.306255966424942,0.7724999785423279,3,0.6545,0.03500000000000003
26500,0,55.01507568359375,0.04479750245809555,0.30834224820137024,0.765500009059906,3,0.6655,0.02400000000000002
26550,0,55.8458137512207,0.04381805658340454,0.30278629064559937,0.7574999928474426,3,0.6665,0.02300000000000002
26600,0,56.3782844543457,0.04496188834309578,0.30447840690612793,0.7724999785423279,3,0.6545,0.03500000000000003
26650,0,54.83496856689453,0.04570663720369339,0.31024760007858276,0.7684999704360962,3,0.665,0.024499999999999966
26700,0,54.56945037841797,0.04430759325623512,0.3002309501171112,0.7705000042915344,3,0.661,0.02849999999999997
26750,0,52.763702392578125,0.04589376598596573,0.30328741669654846,0.7710000276565552,3,0.6675,0.02200000000000002
26800,0,55.076576232910156,0.048146914690732956,0.3089452385902405,0.7494999766349792,3,0.646,0.04349999999999998
26850,0,53.781166076660156,0.04493359476327896,0.30064085125923157,0.7785000205039978,3,0.655,0.034499999999999975
26900,0,54.88501739501953,0.045665182173252106,0.3050236105918884,0.7714999914169312,3,0.658,0.03149999999999997
26950,0,52.8609504699707,0.04693599045276642,0.3014865517616272,0.7684999704360962,3,0.6615,0.028000000000000025
27000,0,54.23970413208008,0.04889420047402382,0.3038327097892761,0.765500009059906,3,0.656,0.033499999999999974
27050,0,54.37981033325195,0.0464557409286499,0.3031180799007416,0.7574999928474426,3,0.6565,0.03300000000000003
27100,0,54.11418533325195,0.045028384774923325,0.30526286363601685,0.7695000171661377,3,0.6585,0.031000000000000028
27150,0,54.06908416748047,0.04320259764790535,0.2990264892578125,0.7839999794960022,3,0.666,0.023499999999999965
27200,0,54.19872283935547,0.04546399414539337,0.3012998700141907,0.7789999842643738,3,0.663,0.026499999999999968
27250,0,54.02783203125,0.04552688077092171,0.2996492385864258,0.765999972820282,3,0.664,0.025499999999999967
27300,0,54.5770149230957,0.042681921273469925,0.29657450318336487,0.7605000138282776,3,0.6635,0.026000000000000023
27350,0,54.195289611816406,0.04375220835208893,0.30222439765930176,0.7714999914169312,3,0.6645,0.025000000000000022
27400,0,53.58522415161133,0.04542214795947075,0.29853516817092896,0.7770000100135803,3,0.661,0.02849999999999997
27450,0,54.00123977661133,0.047194838523864746,0.29977747797966003,0.75,3,0.66,0.02949999999999997
27500,0,55.04331588745117,0.04550274461507797,0.29484114050865173,0.7714999914169312,3,0.665,0.024499999999999966
27550,0,53.957542419433594,0.046436913311481476,0.2990862727165222,0.7645000219345093,3,0.6585,0.031000000000000028
27600,0,53.9782829284668,0.04630503058433533,0.2969414293766022,0.7590000033378601,3,0.658,0.03149999999999997
27650,0,53.48558807373047,0.045980535447597504,0.2969561815261841,0.777999997138977,3,0.6685,0.02100000000000002
27700,0,52.84434127807617,0.04511882737278938,0.2983895242214203,0.7774999737739563,3,0.665,0.024499999999999966
27750,0,53.32098388671875,0.042158301919698715,0.29555392265319824,0.7695000171661377,3,0.6755,0.014000000000000012
27800,0,53.772666931152344,0.044623203575611115,0.2942067086696625,0.7735000252723694,3,0.6665,0.02300000000000002
27850,0,55.614646911621094,0.043899524956941605,0.29656797647476196,0.7705000042915344,3,0.6605,0.029000000000000026
27900,0,53.797645568847656,0.043547529727220535,0.2925642132759094,0.7825000286102295,3,0.6695,0.020000000000000018
27950,0,53.639610290527344,0.04291694611310959,0.29265108704566956,0.7774999737739563,3,0.6685,0.02100000000000002
28000,0,54.03374481201172,0.045332204550504684,0.29517829418182373,0.777999997138977,3,0.6665,0.02300000000000002
28050,0,53.148582458496094,0.044566959142684937,0.29779189825057983,0.7730000019073486,3,0.6705,0.019000000000000017
28100,0,53.93665313720703,0.04325985535979271,0.29512399435043335,0.7789999842643738,3,0.666,0.023499999999999965
28150,0,53.839996337890625,0.04287507012486458,0.2923451066017151,0.7820000052452087,3,0.663,0.026499999999999968
28200,0,53.905189514160156,0.0443558432161808,0.2951388955116272,0.7645000219345093,3,0.6665,0.02300000000000002
28250,0,53.19916915893555,0.04423414170742035,0.2937370836734772,0.7730000019073486,3,0.6715,0.018000000000000016
28300,0,54.96821975708008,0.04635387659072876,0.29000651836395264,0.7804999947547913,3,0.665,0.024499999999999966
28350,0,53.87983322143555,0.04542556405067444,0.2958983778953552,0.7749999761581421,3,0.6645,0.025000000000000022
28400,0,53.799713134765625,0.043485838919878006,0.292137086391449,0.7720000147819519,3,0.6675,0.02200000000000002
28450,0,54.44575119018555,0.04455278441309929,0.2915174961090088,0.777999997138977,3,0.659,0.03049999999999997
28500,0,53.89046096801758,0.04466063529253006,0.2907872796058655,0.7754999995231628,3,0.662,0.02749999999999997
28550,0,53.159767150878906,0.04370605945587158,0.29328078031539917,0.7829999923706055,3,0.664,0.025499999999999967
28600,0,53.68717575073242,0.04619837924838066,0.2927928864955902,0.7754999995231628,3,0.666,0.023499999999999965
28650,0,54.1777229309082,0.0438111238181591,0.29095473885536194,0.7820000052452087,3,0.6625,0.027000000000000024
28700,0,53.790557861328125,0.04509139433503151,0.2889079451560974,0.7864999771118164,3,0.672,0.01749999999999996
28750,0,53.9429931640625,0.04526651278138161,0.2926098108291626,0.7795000076293945,3,0.6675,0.02200000000000002
28800,0,55.407081604003906,0.04540879651904106,0.2914663255214691,0.7770000100135803,3,0.6665,0.02300000000000002
28850,0,53.844818115234375,0.04534032195806503,0.2892397344112396,0.784500002861023,3,0.671,0.01849999999999996
28900,0,54.025299072265625,0.043568339198827744,0.2913171350955963,0.784500002861023,3,0.6675,0.02200000000000002
28950,0,54.228843688964844,0.044149041175842285,0.28769683837890625,0.777999997138977,3,0.675,0.014499999999999957
29000,0,53.8234748840332,0.04259970784187317,0.2910550832748413,0.7774999737739563,3,0.6705,0.019000000000000017
29050,0,53.55180740356445,0.04330158233642578,0.2900906801223755,0.7820000052452087,3,0.6755,0.014000000000000012
29100,0,53.54229736328125,0.042839415371418,0.290290892124176,0.7785000205039978,3,0.669,0.020499999999999963
29150,0,53.67168045043945,0.04308884218335152,0.28725847601890564,0.777999997138977,3,0.667,0.022499999999999964
29200,0,53.697357177734375,0.0430978387594223,0.2880766987800598,0.7804999947547913,3,0.6705,0.019000000000000017
29250,0,53.295692443847656,0.04400778189301491,0.28815391659736633,0.7730000019073486,3,0.666,0.023499999999999965
29300,0,54.26338577270508,0.04444659501314163,0.286365270614624,0.7799999713897705,3,0.6655,0.02400000000000002
29350,0,53.10424041748047,0.04371020570397377,0.2867145538330078,0.7804999947547913,3,0.67,0.019499999999999962
29400,0,53.33803176879883,0.043744321912527084,0.2874293029308319,0.7839999794960022,3,0.6725,0.017000000000000015
29450,0,53.60686111450195,0.043178386986255646,0.2867685556411743,0.781499981880188,3,0.668,0.021499999999999964
29500,0,54.304351806640625,0.04377477988600731,0.286650151014328,0.7799999713897705,3,0.672,0.01749999999999996
29550,0,53.23798751831055,0.043385718017816544,0.2863711416721344,0.781499981880188,3,0.6755,0.014000000000000012
29600,0,53.9727783203125,0.0419318825006485,0.2845759093761444,0.7774999737739563,3,0.67,0.019499999999999962
29650,0,54.095252990722656,0.044967230409383774,0.28785306215286255,0.7820000052452087,3,0.6715,0.018000000000000016
29700,0,53.2375373840332,0.044254597276449203,0.2852652072906494,0.7799999713897705,3,0.6745,0.015000000000000013
29750,0,53.362709045410156,0.044321391731500626,0.28477782011032104,0.7825000286102295,3,0.669,0.020499999999999963
29800,0,53.36492156982422,0.043455820530653,0.28577008843421936,0.7804999947547913,3,0.6725,0.017000000000000015
29850,0,53.3917350769043,0.042933590710163116,0.2852453589439392,0.7889999747276306,3,0.669,0.020499999999999963
29900,0,53.30796432495117,0.043980713933706284,0.286151260137558,0.7894999980926514,3,0.672,0.01749999999999996
29950,0,53.4274787902832,0.042887069284915924,0.2853133976459503,0.781499981880188,3,0.6735,0.016000000000000014
30000,0,53.50377655029297,0.04335251450538635,0.2849595546722412,0.7879999876022339,3,0.678,0.011499999999999955
30050,0,53.34208297729492,0.04319624975323677,0.2845176160335541,0.781499981880188,3,0.68,0.009499999999999953
30100,0,53.332740783691406,0.043970026075839996,0.28671494126319885,0.7804999947547913,3,0.6705,0.019000000000000017
30150,0,53.739295959472656,0.04318340867757797,0.28528133034706116,0.784500002861023,3,0.674,0.015499999999999958
30200,0,53.43048858642578,0.04311715066432953,0.28565192222595215,0.7799999713897705,3,0.6695,0.020000000000000018
30250,0,53.40673065185547,0.042935214936733246,0.284475713968277,0.7850000262260437,3,0.672,0.01749999999999996
30300,0,53.19780731201172,0.0427248440682888,0.28427737951278687,0.7850000262260437,3,0.6805,0.009000000000000008
30350,0,53.31682205200195,0.04241500049829483,0.2851766347885132,0.796999990940094,3,0.675,0.014499999999999957
30400,0,52.91722869873047,0.043090108782052994,0.2841876149177551,0.7879999876022339,3,0.6745,0.015000000000000013
30450,0,53.32069778442383,0.04260843247175217,0.28479546308517456,0.7879999876022339,3,0.675,0.014499999999999957
30500,0,53.125244140625,0.043208539485931396,0.2860310673713684,0.7804999947547913,3,0.674,0.015499999999999958
30550,0,52.89105987548828,0.043310508131980896,0.2841967046260834,0.7879999876022339,3,0.6735,0.016000000000000014
30600,0,53.41021728515625,0.04293520003557205,0.28490400314331055,0.7864999771118164,3,0.671,0.01849999999999996
30650,0,53.187095642089844,0.04281553626060486,0.28438347578048706,0.7789999842643738,3,0.6705,0.019000000000000017
30700,0,53.0974006652832,0.04287738353013992,0.2842854857444763,0.7870000004768372,3,0.6755,0.014000000000000012
30750,0,53.1867561340332,0.04298056662082672,0.2838648557662964,0.7850000262260437,3,0.6735,0.016000000000000014
30800,0,53.141990661621094,0.042336512356996536,0.2841273546218872,0.781000018119812,3,0.6735,0.016000000000000014
30850,0,53.104103088378906,0.04309071972966194,0.28391847014427185,0.7889999747276306,3,0.674,0.015499999999999958
30900,0,53.016510009765625,0.04293031617999077,0.28445252776145935,0.7894999980926514,3,0.6735,0.016000000000000014
30950,0,53.0150260925293,0.0430818609893322,0.2844129204750061,0.784500002861023,3,0.6735,0.016000000000000014
31000,0,53.03002166748047,0.04243411868810654,0.28460362553596497,0.7864999771118164,3,0.6705,0.019000000000000017
31050,0,53.30767059326172,0.04290367290377617,0.28380998969078064,0.7839999794960022,3,0.677,0.012499999999999956
31100,0,53.034385681152344,0.0426064096391201,0.28479573130607605,0.7835000157356262,3,0.673,0.01649999999999996
31150,0,53.1465950012207,0.04278607666492462,0.28393930196762085,0.7864999771118164,3,0.6745,0.015000000000000013
31200,0,53.18067169189453,0.042948611080646515,0.28394830226898193,0.7875000238418579,3,0.6775,0.01200000000000001
31250,0,53.16748046875,0.04304853081703186,0.28405439853668213,0.7854999899864197,3,0.673,0.01649999999999996
31300,0,53.3484992980957,0.042551714926958084,0.28415316343307495,0.7894999980926514,3,0.6735,0.016000000000000014
31350,0,53.15302658081055,0.043067388236522675,0.283944308757782,0.7854999899864197,3,0.6765,0.013000000000000012
31400,0,53.08843994140625,0.04261096194386482,0.2842552661895752,0.7889999747276306,3,0.6745,0.015000000000000013
31450,0,53.108795166015625,0.04304128512740135,0.28455695509910583,0.7879999876022339,3,0.6745,0.015000000000000013
31500,0,53.135406494140625,0.042833272367715836,0.28486841917037964,0.7799999713897705,3,0.6745,0.015000000000000013
31550,0,53.1075553894043,0.04278896376490593,0.28346481919288635,0.7885000109672546,3,0.6735,0.016000000000000014
3,0,53.44189453125,0.04234001785516739,0.2841258943080902,0.7829999923706055,3,,
3,1,64.97356414794922,0.08192513883113861,0.3387773633003235,0.7494999766349792,3,,
3,2,55.37983322143555,0.052121423184871674,0.33486172556877136,0.7505000233650208,3,,
3,3,51.7313346862793,0.05775979161262512,0.32701045274734497,0.7570000290870667,3,,
31600,0,53.63642501831055,0.04179337993264198,0.28490546345710754,0.7825000286102295,4,0.672,0.01749999999999996
31650,0,57.18590545654297,0.05136983096599579,0.31753891706466675,0.7645000219345093,4,0.657,0.03249999999999997
31700,0,59.134010314941406,0.049253396689891815,0.31275394558906555,0.7894999980926514,4,0.6715,0.018000000000000016
31750,0,59.00274658203125,0.047718264162540436,0.3188552260398865,0.762499988079071,4,0.6545,0.03500000000000003
31800,0,57.4937629699707,0.050419874489307404,0.31284406781196594,0.7634999752044678,4,0.661,0.02849999999999997
31850,0,60.800262451171875,0.04931582883000374,0.3148890435695648,0.7609999775886536,4,0.6565,0.03300000000000003
31900,0,56.653465270996094,0.052410196512937546,0.3201115131378174,0.7630000114440918,4,0.6585,0.031000000000000028
31950,0,59.938232421875,0.04917934909462929,0.3135664761066437,0.7770000100135803,4,0.664,0.025499999999999967
32000,0,57.150848388671875,0.04774799197912216,0.31332966685295105,0.7639999985694885,4,0.6585,0.031000000000000028
32050,0,56.105247497558594,0.05237250030040741,0.318777471780777,0.7620000243186951,4,0.654,0.035499999999999976
32100,0,60.34529495239258,0.05130912736058235,0.31489086151123047,0.7634999752044678,4,0.6605,0.029000000000000026
32150,0,57.75764083862305,0.0522584430873394,0.31966298818588257,0.7684999704360962,4,0.663,0.026499999999999968
32200,0,56.29902267456055,0.04879772663116455,0.31368380784988403,0.7609999775886536,4,0.65,0.03949999999999998
32250,0,54.748619079589844,0.05059685558080673,0.3147098124027252,0.7699999809265137,4,0.659,0.03049999999999997
32300,0,56.751220703125,0.0516265369951725,0.31651824712753296,0.7555000185966492,4,0.6555,0.03400000000000003
32350,0,58.43463134765625,0.04992540180683136,0.3170539438724518,0.7695000171661377,4,0.6575,0.03200000000000003
32400,0,59.03186798095703,0.052757930010557175,0.32301440834999084,0.762499988079071,4,0.65,0.03949999999999998
32450,0,57.4336051940918,0.05562874302268028,0.3221595585346222,0.777999997138977,4,0.6525,0.03700000000000003
32500,0,57.91679763793945,0.05065986141562462,0.31657397747039795,0.762499988079071,4,0.6575,0.03200000000000003
32550,0,59.71607208251953,0.05207356810569763,0.32418298721313477,0.7484999895095825,4,0.6355,0.05400000000000005
32600,0,57.19950485229492,0.05068948492407799,0.32346275448799133,0.7540000081062317,4,0.6525,0.03700000000000003
32650,0,57.796470642089844,0.04864836856722832,0.31738513708114624,0.765999972820282,4,0.6585,0.031000000000000028
32700,0,62.18418502807617,0.04907836765050888,0.32013195753097534,0.7695000171661377,4,0.6425,0.04700000000000004
32750,0,56.22380828857422,0.04757525771856308,0.3184840679168701,0.7760000228881836,4,0.6555,0.03400000000000003
32800,0,56.900726318359375,0.04683900251984596,0.31858858466148376,0.7540000081062317,4,0.655,0.034499999999999975
32850,0,61.03364944458008,0.05294012278318405,0.32581567764282227,0.7590000033378601,4,0.6565,0.03300000000000003
32900,0,58.73726272583008,0.05101725086569786,0.32225483655929565,0.765999972820282,4,0.648,0.04149999999999998
32950,0,57.87605667114258,0.048106081783771515,0.3198663592338562,0.7670000195503235,4,0.651,0.03849999999999998
33000,0,56.559532165527344,0.04844189062714577,0.3206351101398468,0.7615000009536743,4,0.6615,0.028000000000000025
33050,0,57.40541458129883,0.04992159828543663,0.3209623098373413,0.7730000019073486,4,0.6575,0.03200000000000003
33100,0,56.13120651245117,0.04747367650270462,0.31968316435813904,0.7609999775886536,4,0.656,0.033499999999999974
33150,0,56.35081100463867,0.05094466358423233,0.3160918951034546,0.7490000128746033,4,0.656,0.033499999999999974
33200,0,56.896156311035156,0.050178442150354385,0.32395821809768677,0.7524999976158142,4,0.656,0.033499999999999974
33250,0,57.7352409362793,0.04815223067998886,0.32322990894317627,0.7664999961853027,4,0.6485,0.041000000000000036
33300,0,56.9886360168457,0.0517440102994442,0.3183346688747406,0.7789999842643738,4,0.6565,0.03300000000000003
33350,0,54.1463508605957,0.04924013093113899,0.3215312063694,0.7774999737739563,4,0.653,0.03649999999999998
33400,0,58.486175537109375,0.04869312420487404,0.32161325216293335,0.7695000171661377,4,0.656,0.033499999999999974
33450,0,55.27656936645508,0.051840245723724365,0.31917890906333923,0.7605000138282776,4,0.6545,0.03500000000000003
33500,0,55.596031188964844,0.049590785056352615,0.32219308614730835,0.7770000100135803,4,0.657,0.03249999999999997
33550,0,57.9494743347168,0.04885067045688629,0.3213951289653778,0.7670000195503235,4,0.6635,0.026000000000000023
33600,0,56.65949249267578,0.05041692033410072,0.3159148097038269,0.7850000262260437,4,0.6595,0.030000000000000027
33650,0,56.232078552246094,0.04961754009127617,0.3158656358718872,0.7820000052452087,4,0.662,0.02749999999999997
33700,0,55.73392868041992,0.05147143080830574,0.3141932785511017,0.7559999823570251,4,0.651,0.03849999999999998
33750,0,55.35985565185547,0.047274261713027954,0.31634601950645447,0.7739999890327454,4,0.653,0.03649999999999998
33800,0,53.80867385864258,0.04880164936184883,0.3170139789581299,0.7720000147819519,4,0.662,0.02749999999999997
33850,0,56.38291549682617,0.04789125174283981,0.3210965096950531,0.7524999976158142,4,0.652,0.03749999999999998
33900,0,56.6129264831543,0.04897516593337059,0.3234587013721466,0.7620000243186951,4,0.651,0.03849999999999998
33950,0,53.990455627441406,0.04933201149106026,0.31626540422439575,0.7559999823570251,4,0.66,0.02949999999999997
34000,0,54.365882873535156,0.04722807556390762,0.3166784942150116,0.7615000009536743,4,0.6585,0.031000000000000028
34050,0,55.62458038330078,0.05078156664967537,0.3234918713569641,0.7459999918937683,4,0.648,0.04149999999999998
34100,0,54.5905647277832,0.048590902239084244,0.3210272192955017,0.7509999871253967,4,0.6535,0.03600000000000003
34150,0,54.36383056640625,0.048434868454933167,0.3194597363471985,0.7555000185966492,4,0.6505,0.039000000000000035
34200,0,55.004249572753906,0.05106701701879501,0.3192555606365204,0.7555000185966492,4,0.65,0.03949999999999998
34250,0,54.51259231567383,0.04704311862587929,0.31532853841781616,0.765999972820282,4,0.651,0.03849999999999998
34300,0,55.94709396362305,0.04771282896399498,0.3121810555458069,0.7825000286102295,4,0.6515,0.038000000000000034
34350,0,56.72867965698242,0.04882608354091644,0.3184698224067688,0.7649999856948853,4,0.6535,0.03600000000000003
34400,0,55.919105529785156,0.047032758593559265,0.3194330334663391,0.7689999938011169,4,0.654,0.035499999999999976
34450,0,56.20924758911133,0.0464821457862854,0.3140709400177002,0.7705000042915344,4,0.658,0.03149999999999997
34500,0,55.25817108154297,0.048933278769254684,0.31669193506240845,0.7745000123977661,4,0.6575,0.03200000000000003
34550,0,55.499610900878906,0.04931033402681351,0.31528544425964355,0.7760000228881836,4,0.66,0.02949999999999997
34600,0,54.8455696105957,0.04954647272825241,0.3109671473503113,0.7904999852180481,4,0.6645,0.025000000000000022
34650,0,54.611534118652344,0.05160275101661682,0.31667226552963257,0.7534999847412109,4,0.654,0.035499999999999976
34700,0,55.02692413330078,0.04985630512237549,0.31273192167282104,0.7820000052452087,4,0.6595,0.030000000000000027
34750,0,54.30564498901367,0.05138900503516197,0.31470710039138794,0.7720000147819519,4,0.661,0.02849999999999997
34800,0,54.039093017578125,0.04810047149658203,0.3109396994113922,0.7674999833106995,4,0.657,0.03249999999999997
34850,0,55.29340744018555,0.04953009635210037,0.31200671195983887,0.7664999961853027,4,0.6655,0.02400000000000002
34900,0,56.496742248535156,0.04987458139657974,0.3128817677497864,0.7684999704360962,4,0.6555,0.03400000000000003
34950,0,54.61442184448242,0.04971682280302048,0.31044262647628784,0.7689999938011169,4,0.6625,0.027000000000000024
35000,0,54.15000534057617,0.05071822553873062,0.31287235021591187,0.7724999785423279,4,0.662,0.02749999999999997
35050,0,54.721656799316406,0.049110110849142075,0.3137878179550171,0.7710000276565552,4,0.653,0.03649999999999998
35100,0,54.54082107543945,0.04767380282282829,0.31521356105804443,0.765500009059906,4,0.6515,0.038000000000000034
35150,0,53.655372619628906,0.048773907124996185,0.3119316101074219,0.7649999856948853,4,0.655,0.034499999999999975
35200,0,54.946205139160156,0.04808657616376877,0.31582027673721313,0.7620000243186951,4,0.656,0.033499999999999974
35250,0,54.74387741088867,0.05023956671357155,0.31302666664123535,0.7559999823570251,4,0.6555,0.03400000000000003
35300,0,54.60028076171875,0.046844858676195145,0.31032782793045044,0.7615000009536743,4,0.6605,0.029000000000000026
35350,0,54.63098907470703,0.047996047884225845,0.3080371916294098,0.7764999866485596,4,0.66,0.02949999999999997
35400,0,55.29429244995117,0.04925490543246269,0.3092295527458191,0.7795000076293945,4,0.6645,0.025000000000000022
35450,0,54.219764709472656,0.049494609236717224,0.31110426783561707,0.7664999961853027,4,0.6615,0.028000000000000025
35500,0,54.9124755859375,0.048980001360177994,0.3084898889064789,0.7670000195503235,4,0.659,0.03049999999999997
35550,0,54.77186965942383,0.04886608198285103,0.3092697858810425,0.7714999914169312,4,0.659,0.03049999999999997
35600,0,54.13157272338867,0.046134546399116516,0.3098019063472748,0.7524999976158142,4,0.6545,0.03500000000000003
35650,0,53.153099060058594,0.047020647674798965,0.3081490993499756,0.7639999985694885,4,0.657,0.03249999999999997
35700,0,53.494300842285156,0.048181548714637756,0.30948111414909363,0.7515000104904175,4,0.6595,0.030000000000000027
35750,0,53.86647415161133,0.04671173170208931,0.3049810528755188,0.7645000219345093,4,0.6585,0.031000000000000028
35800,0,53.60715866088867,0.045463159680366516,0.30712947249412537,0.7714999914169312,4,0.657,0.03249999999999997
35850,0,53.3240966796875,0.0498700812458992,0.309426486492157,0.7695000171661377,4,0.66,0.02949999999999997
35900,0,54.4206428527832,0.0496356301009655,0.30975547432899475,0.7595000267028809,4,0.6595,0.030000000000000027
35950,0,53.44530487060547,0.04856497049331665,0.3072341978549957,0.7764999866485596,4,0.653,0.03649999999999998
36000,0,52.6926383972168,0.04872934892773628,0.3080657124519348,0.7699999809265137,4,0.6665,0.02300000000000002
36050,0,53.34883499145508,0.04843893647193909,0.3097401261329651,0.7770000100135803,4,0.6625,0.027000000000000024
36100,0,53.39606475830078,0.04610396921634674,0.3047524094581604,0.7584999799728394,4,0.66,0.02949999999999997
36150,0,53.166786193847656,0.049090273678302765,0.30601686239242554,0.7634999752044678,4,0.6625,0.027000000000000024
36200,0,54.05535888671875,0.04566174000501633,0.30287855863571167,0.7599999904632568,4,0.6605,0.029000000000000026
36250,0,52.559226989746094,0.04840315878391266,0.30566588044166565,0.7664999961853027,4,0.6625,0.027000000000000024
36300,0,54.26079177856445,0.047978341579437256,0.3057028353214264,0.7674999833106995,4,0.6595,0.030000000000000027
36350,0,53.63458251953125,0.04660440608859062,0.3058360517024994,0.7789999842643738,4,0.665,0.024499999999999966
36400,0,55.12028884887695,0.04697438329458237,0.3060193657875061,0.7609999775886536,4,0.658,0.03149999999999997
36450,0,53.53003692626953,0.04725220426917076,0.3023093044757843,0.765999972820282,4,0.658,0.03149999999999997
36500,0,54.303131103515625,0.04816597327589989,0.30350497364997864,0.7714999914169312,4,0.6595,0.030000000000000027
36550,0,53.993408203125,0.046167999505996704,0.304106205701828,0.7720000147819519,4,0.6585,0.031000000000000028
36600,0,53.85789108276367,0.049036793410778046,0.3094317317008972,0.7645000219345093,4,0.659,0.03049999999999997
36650,0,54.41535568237305,0.04697471484541893,0.3037518560886383,0.7509999871253967,4,0.6515,0.038000000000000034
36700,0,54.30475997924805,0.04682837426662445,0.3055925965309143,0.7599999904632568,4,0.6545,0.03500000000000003
36750,0,54.00244903564453,0.04856166988611221,0.3033638596534729,0.7639999985694885,4,0.6605,0.029000000000000026
36800,0,53.5174446105957,0.04708704724907875,0.30313169956207275,0.7674999833106995,4,0.66,0.02949999999999997
36850,0,53.95221710205078,0.04749182239174843,0.30218037962913513,0.7764999866485596,4,0.667,0.022499999999999964
36900,0,53.49650192260742,0.04639199748635292,0.30362802743911743,0.7770000100135803,4,0.663,0.026499999999999968
36950,0,54.23067092895508,0.045375972986221313,0.3029405474662781,0.765500009059906,4,0.6565,0.03300000000000003
37000,0,54.0955810546875,0.04634866118431091,0.3007376790046692,0.7735000252723694,4,0.6605,0.029000000000000026
37050,0,53.883880615234375,0.04710373654961586,0.303499311208725,0.7595000267028809,4,0.659,0.03049999999999997
37100,0,53.30385208129883,0.047467634081840515,0.30163314938545227,0.7754999995231628,4,0.662,0.02749999999999997
37150,0,53.650474548339844,0.04676798731088638,0.3011486828327179,0.7770000100135803,4,0.66,0.02949999999999997
37200,0,54.1219482421875,0.04650205373764038,0.3027629256248474,0.762499988079071,4,0.6565,0.03300000000000003
37250,0,53.88667678833008,0.04593969136476517,0.30155208706855774,0.7684999704360962,4,0.661,0.02849999999999997
37300,0,53.261444091796875,0.04634901508688927,0.30180835723876953,0.7695000171661377,4,0.6625,0.027000000000000024
37350,0,53.4157600402832,0.04533189535140991,0.30155521631240845,0.7745000123977661,4,0.662,0.02749999999999997
37400,0,53.11418914794922,0.04587472975254059,0.3019025921821594,0.7739999890327454,4,0.664,0.025499999999999967
37450,0,53.263328552246094,0.04705493897199631,0.3014926016330719,0.7720000147819519,4,0.6655,0.02400000000000002
37500,0,53.06929397583008,0.04764415696263313,0.3034156858921051,0.7670000195503235,4,0.664,0.025499999999999967
37550,0,53.63262176513672,0.047312378883361816,0.29928407073020935,0.7605000138282776,4,0.661,0.02849999999999997
37600,0,53.117530822753906,0.04655919969081879,0.30034559965133667,0.7714999914169312,4,0.6695,0.020000000000000018
37650,0,52.94603729248047,0.046040792018175125,0.29936227202415466,0.7639999985694885,4,0.666,0.023499999999999965
37700,0,53.03327560424805,0.046878404915332794,0.2994272708892822,0.7710000276565552,4,0.6665,0.02300000000000002
37750,0,53.516197204589844,0.045790571719408035,0.3005441129207611,0.765500009059906,4,0.6585,0.031000000000000028
37800,0,53.047637939453125,0.04637621343135834,0.29964789748191833,0.7605000138282776,4,0.6635,0.026000000000000023
37850,0,53.135108947753906,0.04668212682008743,0.29916033148765564,0.7724999785423279,4,0.6665,0.02300000000000002
37900,0,53.216819763183594,0.045891642570495605,0.2987961173057556,0.7724999785423279,4,0.6675,0.02200000000000002
37950,0,53.08980178833008,0.04622099921107292,0.29899007081985474,0.7674999833106995,4,0.666,0.023499999999999965
38000,0,52.823875427246094,0.046029381453990936,0.29938673973083496,0.7714999914169312,4,0.664,0.025499999999999967
38050,0,53.2208251953125,0.04665711522102356,0.3004378378391266,0.7674999833106995,4,0.6655,0.02400000000000002
38100,0,53.12590408325195,0.04643847793340683,0.29999932646751404,0.765999972820282,4,0.667,0.022499999999999964
38150,0,53.18314743041992,0.04644741117954254,0.29813945293426514,0.7760000228881836,4,0.667,0.022499999999999964
38200,0,53.1771240234375,0.04625273868441582,0.29957547783851624,0.7674999833106995,4,0.663,0.026499999999999968
38250,0,52.8853874206543,0.04578933119773865,0.2982090711593628,0.7684999704360962,4,0.6655,0.02400000000000002
38300,0,53.18967819213867,0.04591118171811104,0.29855161905288696,0.7680000066757202,4,0.6635,0.026000000000000023
38350,0,53.55338668823242,0.04609280079603195,0.29874321818351746,0.7754999995231628,4,0.666,0.023499999999999965
38400,0,53.040672302246094,0.04667200893163681,0.29956871271133423,0.7680000066757202,4,0.664,0.025499999999999967
38450,0,53.13285446166992,0.04617932438850403,0.2981456220149994,0.7705000042915344,4,0.6695,0.020000000000000018
38500,0,53.2041130065918,0.046807534992694855,0.29805105924606323,0.7739999890327454,4,0.665,0.024499999999999966
38550,0,53.224937438964844,0.04621974006295204,0.2979135513305664,0.7695000171661377,4,0.664,0.025499999999999967
38600,0,53.02098846435547,0.046515483409166336,0.2981387674808502,0.7754999995231628,4,0.664,0.025499999999999967
38650,0,53.0012092590332,0.045979082584381104,0.29820114374160767,0.7674999833106995,4,0.664,0.025499999999999967
38700,0,53.1920166015625,0.04624786972999573,0.29816001653671265,0.7695000171661377,4,0.664,0.025499999999999967
38750,0,53.07966995239258,0.046717569231987,0.29832643270492554,0.7680000066757202,4,0.6655,0.02400000000000002
38800,0,53.01027297973633,0.04680153727531433,0.29826703667640686,0.7749999761581421,4,0.6685,0.02100000000000002
38850,0,53.004859924316406,0.04620560258626938,0.2988213896751404,0.7754999995231628,4,0.6665,0.02300000000000002
38900,0,53.18619918823242,0.04620738700032234,0.2987893223762512,0.7739999890327454,4,0.667,0.022499999999999964
38950,0,53.114524841308594,0.046883318573236465,0.29904603958129883,0.7714999914169312,4,0.6625,0.027000000000000024
39000,0,53.01580047607422,0.04643343761563301,0.2987084984779358,0.7664999961853027,4,0.6655,0.02400000000000002
39050,0,52.896446228027344,0.046660665422677994,0.29792895913124084,0.7754999995231628,4,0.6665,0.02300000000000002
39100,0,53.207618713378906,0.046505581587553024,0.29868459701538086,0.7730000019073486,4,0.666,0.023499999999999965
39150,0,53.100074768066406,0.04654340073466301,0.2980772852897644,0.7735000252723694,4,0.6655,0.02400000000000002
39200,0,53.16876220703125,0.046148743480443954,0.29870519042015076,0.7680000066757202,4,0.666,0.023499999999999965
39250,0,53.04581832885742,0.04603860154747963,0.2977204918861389,0.7664999961853027,4,0.665,0.024499999999999966
39300,0,53.07551956176758,0.04644323140382767,0.2979881167411804,0.7664999961853027,4,0.6675,0.02200000000000002
39350,0,53.04993438720703,0.04578480124473572,0.29786258935928345,0.7684999704360962,4,0.6665,0.02300000000000002
39400,0,53.1431884765625,0.046584855765104294,0.2981553077697754,0.7724999785423279,4,0.666,0.023499999999999965
39450,0,52.94159698486328,0.046341706067323685,0.2984691262245178,0.7760000228881836,4,0.6675,0.02200000000000002
4,0,53.34910202026367,0.04650120064616203,0.3001599907875061,0.7699999809265137,4,,
4,1,64.34226989746094,0.08826842904090881,0.34028494358062744,0.7415000200271606,4,,
4,2,55.03009796142578,0.0569051131606102,0.35118594765663147,0.7584999799728394,4,,
4,3,57.05680465698242,0.06751568615436554,0.33430132269859314,0.734000027179718,4,,
4,4,63.96680450439453,0.050097376108169556,0.3674103319644928,0.718500018119812,4,,
