source_folder,dataset,experiment_name,method,seed,diagnostic_metric,n_points,pearson_r,spearman_r
Capstone Outputs 1,cifar100,kaggle_cifar_full,etf_anchor,42,nc1,632,0.6939240514082051,0.8871745185211761
Capstone Outputs 1,cifar100,kaggle_cifar_full,etf_anchor,42,nc2,632,0.7110063263658958,0.9208116831605148
Capstone Outputs 1,cifar100,kaggle_cifar_full,etf_anchor,42,nc3,632,0.804290456079563,0.9365871695205171
Capstone Outputs 1,cifar100,kaggle_cifar_full,etf_anchor,42,nc4,632,-0.8101037711995717,-0.7160653987100236
Capstone Outputs 1,cifar100,kaggle_cifar_full,etf_anchor,42,etf_drift,632,0.42073697454404907,0.8749384702300897
Capstone Outputs 1,cifar100,kaggle_cifar_full,etf_anchor,42,angle_drift,632,0.7110063263658958,0.9208116831605148
Capstone Outputs 1,cifar100,kaggle_cifar_full,ewc,42,nc1,632,0.2610606246279321,0.24394707620367148
Capstone Outputs 1,cifar100,kaggle_cifar_full,ewc,42,nc2,632,-0.09186908733164831,0.004459020190568318
Capstone Outputs 1,cifar100,kaggle_cifar_full,ewc,42,nc3,632,0.9544892371061532,0.9491438527499502
Capstone Outputs 1,cifar100,kaggle_cifar_full,ewc,42,nc4,632,-0.982608237238281,-0.9811648730717976
Capstone Outputs 1,cifar100,kaggle_cifar_full,finetune,42,nc1,632,0.8324954829505817,0.8589371396699441
Capstone Outputs 1,cifar100,kaggle_cifar_full,finetune,42,nc2,632,0.08316842118814158,0.17246936101217525
Capstone Outputs 1,cifar100,kaggle_cifar_full,finetune,42,nc3,632,0.9809129431679973,0.9596567775657914
Capstone Outputs 1,cifar100,kaggle_cifar_full,finetune,42,nc4,632,-0.9874672625205336,-0.9705132187755033
Capstone Outputs 1,cifar100,kaggle_cifar_full,lwf,42,nc1,632,0.7222651929613281,0.7480812391547241
Capstone Outputs 1,cifar100,kaggle_cifar_full,lwf,42,nc2,632,0.7467282169564844,0.7369553907552125
Capstone Outputs 1,cifar100,kaggle_cifar_full,lwf,42,nc3,632,0.6285322925970197,0.6916330625652338
Capstone Outputs 1,cifar100,kaggle_cifar_full,lwf,42,nc4,632,-0.8436522282031109,-0.8202491779833547
Capstone Outputs 1,cifar100,kaggle_etf_sparse,etf_anchor,42,nc1,632,0.6074506200651294,0.7821052300336604
Capstone Outputs 1,cifar100,kaggle_etf_sparse,etf_anchor,42,nc2,632,0.6677788675682631,0.9223934024340319
Capstone Outputs 1,cifar100,kaggle_etf_sparse,etf_anchor,42,nc3,632,0.9812963178041841,0.9813819827485681
Capstone Outputs 1,cifar100,kaggle_etf_sparse,etf_anchor,42,nc4,632,-0.990330674684812,-0.9774827701858072
Capstone Outputs 1,cifar100,kaggle_etf_sparse,etf_anchor,42,etf_drift,632,0.590600150495709,0.9417492796412327
Capstone Outputs 1,cifar100,kaggle_etf_sparse,etf_anchor,42,angle_drift,632,0.6677788675682631,0.9223934024340319
Capstone Outputs 2,cifar100,kaggle_cifar_full,lwf,42,nc1,632,0.7222651929613281,0.7480812391547241
Capstone Outputs 2,cifar100,kaggle_cifar_full,lwf,42,nc2,632,0.7467282169564844,0.7369553907552125
Capstone Outputs 2,cifar100,kaggle_cifar_full,lwf,42,nc3,632,0.6285322925970197,0.6916330625652338
Capstone Outputs 2,cifar100,kaggle_cifar_full,lwf,42,nc4,632,-0.8436522282031109,-0.8202491779833547
Capstone Outputs 2,cifar100,kaggle_lwf_etf,lwf_etf,42,nc1,632,0.9510486217517272,0.9517810221464273
Capstone Outputs 2,cifar100,kaggle_lwf_etf,lwf_etf,42,nc2,632,0.9073667811096233,0.943547856000957
Capstone Outputs 2,cifar100,kaggle_lwf_etf,lwf_etf,42,nc3,632,0.8950851245530563,0.8563985002738301
Capstone Outputs 2,cifar100,kaggle_lwf_etf,lwf_etf,42,nc4,632,-0.9420881449669934,-0.8442622246524234
Capstone Outputs 2,cifar100,kaggle_lwf_etf,lwf_etf,42,etf_drift,632,0.8409137258898837,0.8581437078788725
Capstone Outputs 2,cifar100,kaggle_lwf_etf,lwf_etf,42,angle_drift,632,0.9073667811096233,0.943547856000957
Capstone Outputs 2,cifar100,kaggle_lwf_etf_strong,lwf_etf,42,nc1,632,0.9437101915538298,0.9419231156109343
Capstone Outputs 2,cifar100,kaggle_lwf_etf_strong,lwf_etf,42,nc2,632,0.9173853317231138,0.9467499811788816
Capstone Outputs 2,cifar100,kaggle_lwf_etf_strong,lwf_etf,42,nc3,632,0.8859802059636112,0.86170454197776
Capstone Outputs 2,cifar100,kaggle_lwf_etf_strong,lwf_etf,42,nc4,632,-0.9262634580025084,-0.8249606908278692
Capstone Outputs 2,cifar100,kaggle_lwf_etf_strong,lwf_etf,42,etf_drift,632,0.8823226337872802,0.8421085508997371
Capstone Outputs 2,cifar100,kaggle_lwf_etf_strong,lwf_etf,42,angle_drift,632,0.9173853317231138,0.9467499811788816
Capstone Output 3,cifar100,kaggle_cifar_full,lwf,43,nc1,632,0.2986287165960894,0.32734139550771085
Capstone Output 3,cifar100,kaggle_cifar_full,lwf,43,nc2,632,0.45796190169409506,0.4711857642028557
Capstone Output 3,cifar100,kaggle_cifar_full,lwf,43,nc3,632,0.6821973484178615,0.7456360208948057
Capstone Output 3,cifar100,kaggle_cifar_full,lwf,43,nc4,632,-0.7759086748496906,-0.7625059562455078
Capstone Output 3,cifar100,kaggle_cifar_full,lwf,44,nc1,632,0.08083571338383821,0.022275834715006083
Capstone Output 3,cifar100,kaggle_cifar_full,lwf,44,nc2,632,0.4067562859000169,0.4259378479256953
Capstone Output 3,cifar100,kaggle_cifar_full,lwf,44,nc3,632,0.7049335187194679,0.7262060761886489
Capstone Output 3,cifar100,kaggle_cifar_full,lwf,44,nc4,632,-0.6575171982622777,-0.6395541834992378
Capstone Output 3,cifar100,kaggle_lwf_etf_strong,lwf_etf,43,nc1,632,0.8978946286121857,0.909417884110335
Capstone Output 3,cifar100,kaggle_lwf_etf_strong,lwf_etf,43,nc2,632,0.9022095105597948,0.9078867681955414
Capstone Output 3,cifar100,kaggle_lwf_etf_strong,lwf_etf,43,nc3,632,0.7952937678913564,0.7715524470751219
Capstone Output 3,cifar100,kaggle_lwf_etf_strong,lwf_etf,43,nc4,632,-0.8738844170124053,-0.7299041531621807
Capstone Output 3,cifar100,kaggle_lwf_etf_strong,lwf_etf,43,etf_drift,632,0.3434207775971437,0.7802744285691466
Capstone Output 3,cifar100,kaggle_lwf_etf_strong,lwf_etf,43,angle_drift,632,0.9022095105597948,0.9078867681955414
Capstone Output 3,cifar100,kaggle_lwf_etf_strong,lwf_etf,44,nc1,632,0.858155555202737,0.8536802730995483
Capstone Output 3,cifar100,kaggle_lwf_etf_strong,lwf_etf,44,nc2,632,0.8468014353135824,0.8201540263852118
Capstone Output 3,cifar100,kaggle_lwf_etf_strong,lwf_etf,44,nc3,632,0.7046936118334306,0.6819458304363055
Capstone Output 3,cifar100,kaggle_lwf_etf_strong,lwf_etf,44,nc4,632,-0.8854549921285577,-0.6859742142773144
Capstone Output 3,cifar100,kaggle_lwf_etf_strong,lwf_etf,44,etf_drift,632,0.6097290891750363,0.7571872241331709
Capstone Output 3,cifar100,kaggle_lwf_etf_strong,lwf_etf,44,angle_drift,632,0.8468014353135824,0.8201540263852118
Capstone Output CIFAR10,cifar10,kaggle_cifar10_full,etf_anchor,42,nc1,632,0.9015272746059095,0.9065198224068967
Capstone Output CIFAR10,cifar10,kaggle_cifar10_full,etf_anchor,42,nc2,632,0.05330571211954041,0.004510849951580702
Capstone Output CIFAR10,cifar10,kaggle_cifar10_full,etf_anchor,42,nc3,632,0.32341166582897396,0.32855439549970156
Capstone Output CIFAR10,cifar10,kaggle_cifar10_full,etf_anchor,42,nc4,632,0.5011350318280565,0.7497872241623573
Capstone Output CIFAR10,cifar10,kaggle_cifar10_full,etf_anchor,42,etf_drift,632,0.2628485029416218,0.4480590083863079
Capstone Output CIFAR10,cifar10,kaggle_cifar10_full,etf_anchor,42,angle_drift,632,0.05330571211954041,0.004510849951580702
Capstone Output CIFAR10,cifar10,kaggle_cifar10_full,etf_anchor,43,nc1,632,0.3100603929313671,0.3256841014101801
Capstone Output CIFAR10,cifar10,kaggle_cifar10_full,etf_anchor,43,nc2,632,0.009311877541116368,0.005289658349157762
Capstone Output CIFAR10,cifar10,kaggle_cifar10_full,etf_anchor,43,nc3,632,0.40687293061833113,0.4139426959686718
Capstone Output CIFAR10,cifar10,kaggle_cifar10_full,etf_anchor,43,nc4,632,0.34302686328473714,0.4273985313899339
Capstone Output CIFAR10,cifar10,kaggle_cifar10_full,etf_anchor,43,etf_drift,632,0.06407787887455457,0.6696596778038388
Capstone Output CIFAR10,cifar10,kaggle_cifar10_full,etf_anchor,43,angle_drift,632,0.009311877541116368,0.005289658349157762
Capstone Output CIFAR10,cifar10,kaggle_cifar10_full,etf_anchor,44,nc1,632,0.21375833889433546,0.3798557011609541
Capstone Output CIFAR10,cifar10,kaggle_cifar10_full,etf_anchor,44,nc2,632,-0.046759674902980025,-0.017309887018166797
Capstone Output CIFAR10,cifar10,kaggle_cifar10_full,etf_anchor,44,nc3,632,0.2618985553902248,0.09251334076445082
Capstone Output CIFAR10,cifar10,kaggle_cifar10_full,etf_anchor,44,nc4,632,-0.3334952388849936,0.13570311885014452
Capstone Output CIFAR10,cifar10,kaggle_cifar10_full,etf_anchor,44,etf_drift,632,0.23104909061957482,0.03951110799342489
Capstone Output CIFAR10,cifar10,kaggle_cifar10_full,etf_anchor,44,angle_drift,632,-0.046759674902980025,-0.017309887018166797
Capstone Output CIFAR10,cifar10,kaggle_cifar10_full,ewc,42,nc1,632,0.09614509298511446,-0.0313588390574363
Capstone Output CIFAR10,cifar10,kaggle_cifar10_full,ewc,42,nc2,632,-0.007336537070539123,-0.01232290252311026
Capstone Output CIFAR10,cifar10,kaggle_cifar10_full,ewc,42,nc3,632,0.850628225467823,0.892272271353526
Capstone Output CIFAR10,cifar10,kaggle_cifar10_full,ewc,42,nc4,632,-0.5329712102262892,-0.6658939490826943
Capstone Output CIFAR10,cifar10,kaggle_cifar10_full,ewc,43,nc1,632,0.20862278178277413,0.22556795244692357
Capstone Output CIFAR10,cifar10,kaggle_cifar10_full,ewc,43,nc2,632,-0.05275318105212477,-0.03307519176012257
Capstone Output CIFAR10,cifar10,kaggle_cifar10_full,ewc,43,nc3,632,0.7428699372126156,0.7505598583337693
Capstone Output CIFAR10,cifar10,kaggle_cifar10_full,ewc,43,nc4,632,-0.5125348480197518,-0.49327404517944207
Capstone Output CIFAR10,cifar10,kaggle_cifar10_full,ewc,44,nc1,632,0.0033829945635467126,0.2546906424191466
Capstone Output CIFAR10,cifar10,kaggle_cifar10_full,ewc,44,nc2,632,-0.031245037477637475,-0.0656554942981834
Capstone Output CIFAR10,cifar10,kaggle_cifar10_full,ewc,44,nc3,632,0.5583817232214223,0.7275776818362162
Capstone Output CIFAR10,cifar10,kaggle_cifar10_full,ewc,44,nc4,632,0.13749895806604026,0.29897609069505077
Capstone Output CIFAR10,cifar10,kaggle_cifar10_full,finetune,42,nc1,632,-0.014975770837916328,-0.3646571885045989
Capstone Output CIFAR10,cifar10,kaggle_cifar10_full,finetune,42,nc2,632,0.06191495601124441,0.02239088034159784
Capstone Output CIFAR10,cifar10,kaggle_cifar10_full,finetune,42,nc3,632,0.887857724965037,0.763250787533186
Capstone Output CIFAR10,cifar10,kaggle_cifar10_full,finetune,42,nc4,632,-0.8021639287240346,-0.579865912837625
Capstone Output CIFAR10,cifar10,kaggle_cifar10_full,finetune,43,nc1,632,0.3753553258968424,0.6565520072444812
Capstone Output CIFAR10,cifar10,kaggle_cifar10_full,finetune,43,nc2,632,0.0802003644236986,0.061308443901151165
Capstone Output CIFAR10,cifar10,kaggle_cifar10_full,finetune,43,nc3,632,0.4487086515650663,0.6506003366068054
Capstone Output CIFAR10,cifar10,kaggle_cifar10_full,finetune,43,nc4,632,-0.48517818379987654,-0.6086039617099356
Capstone Output CIFAR10,cifar10,kaggle_cifar10_full,finetune,44,nc1,632,0.04482789255461462,0.2671043517710944
Capstone Output CIFAR10,cifar10,kaggle_cifar10_full,finetune,44,nc2,632,0.06901325879752497,0.09275876460053539
Capstone Output CIFAR10,cifar10,kaggle_cifar10_full,finetune,44,nc3,632,0.5625349086269633,0.7831231892595755
Capstone Output CIFAR10,cifar10,kaggle_cifar10_full,finetune,44,nc4,632,-0.06307420943930263,-0.20719621827383533
Capstone Output CIFAR10,cifar10,kaggle_cifar10_full,lwf,42,nc1,632,0.14497812398591226,-0.04497270084989342
Capstone Output CIFAR10,cifar10,kaggle_cifar10_full,lwf,42,nc2,632,-0.05102156748613214,0.004842171930939029
Capstone Output CIFAR10,cifar10,kaggle_cifar10_full,lwf,42,nc3,632,0.14307128706884015,-0.08851933596146197
Capstone Output CIFAR10,cifar10,kaggle_cifar10_full,lwf,42,nc4,632,-0.18856834187256508,0.15499233388381733
Capstone Output CIFAR10,cifar10,kaggle_cifar10_full,lwf,43,nc1,632,-0.1089344145470705,-0.2550672267651177
Capstone Output CIFAR10,cifar10,kaggle_cifar10_full,lwf,43,nc2,632,-0.030539882219129254,-0.01796918735118006
Capstone Output CIFAR10,cifar10,kaggle_cifar10_full,lwf,43,nc3,632,-0.16229645434631326,-0.09929023652377249
Capstone Output CIFAR10,cifar10,kaggle_cifar10_full,lwf,43,nc4,632,0.04171181738477331,-0.05113630528663314
Capstone Output CIFAR10,cifar10,kaggle_cifar10_full,lwf,44,nc1,632,0.298887606392805,0.26365792941374905
Capstone Output CIFAR10,cifar10,kaggle_cifar10_full,lwf,44,nc2,632,-0.0019328402669977955,0.010060127502805901
Capstone Output CIFAR10,cifar10,kaggle_cifar10_full,lwf,44,nc3,632,0.3087341388233792,0.16976025027033237
Capstone Output CIFAR10,cifar10,kaggle_cifar10_full,lwf,44,nc4,632,-0.3465309382987071,-0.2550082323556361
Capstone Output CIFAR10,cifar10,kaggle_cifar10_lwf_etf_strong,lwf_etf,42,nc1,632,0.32470686782198926,0.7720842430492171
Capstone Output CIFAR10,cifar10,kaggle_cifar10_lwf_etf_strong,lwf_etf,42,nc2,632,-0.04068042676777844,-0.004325346882634709
Capstone Output CIFAR10,cifar10,kaggle_cifar10_lwf_etf_strong,lwf_etf,42,nc3,632,0.22359731633854424,0.13586729214576157
Capstone Output CIFAR10,cifar10,kaggle_cifar10_lwf_etf_strong,lwf_etf,42,nc4,632,-0.7650876757788259,-0.6229005547429104
Capstone Output CIFAR10,cifar10,kaggle_cifar10_lwf_etf_strong,lwf_etf,42,etf_drift,632,0.00782552787450461,0.7269354377660573
Capstone Output CIFAR10,cifar10,kaggle_cifar10_lwf_etf_strong,lwf_etf,42,angle_drift,632,-0.04068042676777844,-0.004325346882634709
Capstone Output CIFAR10,cifar10,kaggle_cifar10_lwf_etf_strong,lwf_etf,43,nc1,632,0.3597028031693382,0.6827793889108937
Capstone Output CIFAR10,cifar10,kaggle_cifar10_lwf_etf_strong,lwf_etf,43,nc2,632,-0.006072959674377887,-0.00712031159162695
Capstone Output CIFAR10,cifar10,kaggle_cifar10_lwf_etf_strong,lwf_etf,43,nc3,632,0.42651341362767264,0.7266235368410041
Capstone Output CIFAR10,cifar10,kaggle_cifar10_lwf_etf_strong,lwf_etf,43,nc4,632,-0.80483575537361,-0.3431726012050479
Capstone Output CIFAR10,cifar10,kaggle_cifar10_lwf_etf_strong,lwf_etf,43,etf_drift,632,0.33929790497576273,0.5041278548476007
Capstone Output CIFAR10,cifar10,kaggle_cifar10_lwf_etf_strong,lwf_etf,43,angle_drift,632,-0.006072959674377887,-0.00712031159162695
Capstone Output CIFAR10,cifar10,kaggle_cifar10_lwf_etf_strong,lwf_etf,44,nc1,632,0.5909906068058517,0.7528974562700956
Capstone Output CIFAR10,cifar10,kaggle_cifar10_lwf_etf_strong,lwf_etf,44,nc2,632,-0.016841996315800627,-0.01982455678418355
Capstone Output CIFAR10,cifar10,kaggle_cifar10_lwf_etf_strong,lwf_etf,44,nc3,632,0.6880351473528886,0.795521245170458
Capstone Output CIFAR10,cifar10,kaggle_cifar10_lwf_etf_strong,lwf_etf,44,nc4,632,-0.5857083810395285,-0.6786758079447947
Capstone Output CIFAR10,cifar10,kaggle_cifar10_lwf_etf_strong,lwf_etf,44,etf_drift,632,-0.010957845355180545,0.5346482871291016
Capstone Output CIFAR10,cifar10,kaggle_cifar10_lwf_etf_strong,lwf_etf,44,angle_drift,632,-0.016841996315800627,-0.01982455678418355
