"run_id","method","seed","status"
"tinyimagenet_finetune_seed42","finetune","42","not_started"
"tinyimagenet_finetune_seed43","finetune","43","not_started"
"tinyimagenet_finetune_seed44","finetune","44","not_started"
"tinyimagenet_lwf_seed42","lwf","42","not_started"
"tinyimagenet_lwf_seed43","lwf","43","not_started"
"tinyimagenet_lwf_seed44","lwf","44","not_started"
"tinyimagenet_etfs_seed42","etfs","42","not_started"
"tinyimagenet_etfs_seed43","etfs","43","not_started"
"tinyimagenet_etfs_seed44","etfs","44","not_started"
"tinyimagenet_lwf_etf_seed42","lwf_etf","42","not_started"
"tinyimagenet_lwf_etf_seed43","lwf_etf","43","not_started"
"tinyimagenet_lwf_etf_seed44","lwf_etf","44","not_started"
