dataset,method,task_0,task_1,task_2,task_3,task_4
CIFAR-10,Finetune,0.4847 +/- 0.0343,0.6247 +/- 0.1708,0.4717 +/- 0.3424,0.7480 +/- 0.1250,0.9823 +/- 0.0074
CIFAR-10,EWC,0.4677 +/- 0.0349,0.6367 +/- 0.1552,0.4712 +/- 0.3186,0.7182 +/- 0.1300,0.9690 +/- 0.0114
CIFAR-10,ETF Anchor,0.6445 +/- 0.0449,0.5485 +/- 0.1093,0.6055 +/- 0.1797,0.6357 +/- 0.1412,0.9000 +/- 0.0803
CIFAR-10,LwF,0.9440 +/- 0.0205,0.9472 +/- 0.0193,0.9607 +/- 0.0185,0.9537 +/- 0.0517,0.9762 +/- 0.0120
CIFAR-10,LwF+ETF Strong,0.8813 +/- 0.0627,0.8733 +/- 0.0567,0.9135 +/- 0.0450,0.9313 +/- 0.0566,0.9680 +/- 0.0128
CIFAR-100,Finetune,0.2313 +/- 0.0237,0.3175 +/- 0.0507,0.3950 +/- 0.0117,0.4653 +/- 0.0228,0.7328 +/- 0.0244
CIFAR-100,EWC,0.3782 +/- 0.0177,0.3890 +/- 0.0421,0.4850 +/- 0.0266,0.4817 +/- 0.0072,0.6857 +/- 0.0133
CIFAR-100,ETF Anchor Sparse,0.2620 +/- 0.1832,0.2088 +/- 0.1411,0.2392 +/- 0.1570,0.2683 +/- 0.2029,0.4807 +/- 0.3574
CIFAR-100,LwF,0.6818 +/- 0.0151,0.6638 +/- 0.0259,0.6982 +/- 0.0199,0.6832 +/- 0.0308,0.6735 +/- 0.0184
CIFAR-100,LwF+ETF Strong,0.6490 +/- 0.0109,0.6378 +/- 0.0225,0.6778 +/- 0.0157,0.6837 +/- 0.0173,0.6710 +/- 0.0197
