dataset,experiment_name,method,paper_method,present_seeds,missing_seeds,complete
cifar10,kaggle_cifar10_full,finetune,Finetune,42 43 44,,True
cifar10,kaggle_cifar10_full,ewc,EWC,42 43 44,,True
cifar10,kaggle_cifar10_full,lwf,LwF,42 43 44,,True
cifar10,kaggle_cifar10_full,etf_anchor,ETF Anchor,42 43 44,,True
cifar10,kaggle_cifar10_lwf_etf_strong,lwf_etf,LwF+ETF Strong,42 43 44,,True
cifar100,kaggle_cifar_full,finetune,Finetune,42 43 44,,True
cifar100,kaggle_cifar_full,ewc,EWC,42 43 44,,True
cifar100,kaggle_cifar_full,lwf,LwF,42 43 44,,True
cifar100,kaggle_etf_sparse,etf_anchor,ETF Anchor Sparse,42 43 44,,True
cifar100,kaggle_lwf_etf_strong,lwf_etf,LwF+ETF Strong,42 43 44,,True
