dataset,method,metric,pearson,spearman,n_seeds
CIFAR-10,Finetune,nc1,0.1351,0.1863,3
CIFAR-10,Finetune,nc2,0.0704,0.0588,3
CIFAR-10,Finetune,nc3,0.633,0.7323,3
CIFAR-10,Finetune,nc4,-0.4501,-0.4652,3
CIFAR-10,EWC,nc1,0.1027,0.1496,3
CIFAR-10,EWC,nc2,-0.0304,-0.037,3
CIFAR-10,EWC,nc3,0.7173,0.7901,3
CIFAR-10,EWC,nc4,-0.3027,-0.2867,3
CIFAR-10,ETF Anchor,angle_drift,0.0053,-0.0025,3
CIFAR-10,ETF Anchor,etf_drift,0.186,0.3857,3
CIFAR-10,ETF Anchor,nc1,0.4751,0.5374,3
CIFAR-10,ETF Anchor,nc2,0.0053,-0.0025,3
CIFAR-10,ETF Anchor,nc3,0.3307,0.2783,3
CIFAR-10,ETF Anchor,nc4,0.1702,0.4376,3
CIFAR-10,LwF,nc1,0.1116,-0.0121,3
CIFAR-10,LwF,nc2,-0.0278,-0.001,3
CIFAR-10,LwF,nc3,0.0965,-0.006,3
CIFAR-10,LwF,nc4,-0.1645,-0.0504,3
CIFAR-10,LwF+ETF Strong,angle_drift,-0.0212,-0.0104,3
CIFAR-10,LwF+ETF Strong,etf_drift,0.1121,0.5886,3
CIFAR-10,LwF+ETF Strong,nc1,0.4251,0.7359,3
CIFAR-10,LwF+ETF Strong,nc2,-0.0212,-0.0104,3
CIFAR-10,LwF+ETF Strong,nc3,0.446,0.5527,3
CIFAR-10,LwF+ETF Strong,nc4,-0.7185,-0.5482,3
CIFAR-100,Finetune,nc1,0.8926,0.8906,3
CIFAR-100,Finetune,nc2,0.444,0.519,3
CIFAR-100,Finetune,nc3,0.9858,0.9638,3
CIFAR-100,Finetune,nc4,-0.9836,-0.9456,3
CIFAR-100,EWC,nc1,0.4198,0.4072,3
CIFAR-100,EWC,nc2,0.1248,0.2695,3
CIFAR-100,EWC,nc3,0.923,0.9226,3
CIFAR-100,EWC,nc4,-0.9849,-0.9828,3
CIFAR-100,ETF Anchor Sparse,angle_drift,0.7558,0.9282,3
CIFAR-100,ETF Anchor Sparse,etf_drift,0.598,0.9449,3
CIFAR-100,ETF Anchor Sparse,nc1,0.6223,0.7798,3
CIFAR-100,ETF Anchor Sparse,nc2,0.7558,0.9282,3
CIFAR-100,ETF Anchor Sparse,nc3,0.9835,0.9709,3
CIFAR-100,ETF Anchor Sparse,nc4,-0.9905,-0.9743,3
CIFAR-100,LwF,nc1,0.456,0.4614,3
CIFAR-100,LwF,nc2,0.5895,0.5928,3
CIFAR-100,LwF,nc3,0.661,0.7138,3
CIFAR-100,LwF,nc4,-0.7802,-0.7606,3
CIFAR-100,LwF+ETF Strong,angle_drift,0.8888,0.8916,3
CIFAR-100,LwF+ETF Strong,etf_drift,0.6118,0.7932,3
CIFAR-100,LwF+ETF Strong,nc1,0.8999,0.9017,3
CIFAR-100,LwF+ETF Strong,nc2,0.8888,0.8916,3
CIFAR-100,LwF+ETF Strong,nc3,0.7953,0.7717,3
CIFAR-100,LwF+ETF Strong,nc4,-0.8952,-0.7469,3
