dataset,method,diagonal_accuracy,final_average_accuracy,previous_task_final_accuracy,retention_ratio
CIFAR-10,Finetune,0.9669 +/- 0.0039,0.6623 +/- 0.1185,0.5823 +/- 0.1463,0.6847 +/- 0.1204
CIFAR-10,EWC,0.9569 +/- 0.0063,0.6525 +/- 0.1152,0.5734 +/- 0.1412,0.6815 +/- 0.1165
CIFAR-10,ETF Anchor,0.9333 +/- 0.0199,0.6668 +/- 0.1009,0.6085 +/- 0.1085,0.7132 +/- 0.0919
CIFAR-10,LwF,0.9583 +/- 0.0082,0.9563 +/- 0.0076,0.9514 +/- 0.0076,0.9979 +/- 0.0009
CIFAR-10,LwF+ETF Strong,0.9547 +/- 0.0055,0.9135 +/- 0.0048,0.8999 +/- 0.0092,0.9569 +/- 0.0093
CIFAR-100,Finetune,0.7370 +/- 0.0102,0.4284 +/- 0.0229,0.3523 +/- 0.0236,0.5811 +/- 0.0240
CIFAR-100,EWC,0.7024 +/- 0.0100,0.4839 +/- 0.0191,0.4335 +/- 0.0214,0.6889 +/- 0.0220
CIFAR-100,ETF Anchor Sparse,0.6658 +/- 0.0637,0.2918 +/- 0.2081,0.2446 +/- 0.1708,0.4199 +/- 0.2883
CIFAR-100,LwF,0.6887 +/- 0.0038,0.6801 +/- 0.0107,0.6818 +/- 0.0091,0.9875 +/- 0.0107
CIFAR-100,LwF+ETF Strong,0.6879 +/- 0.0083,0.6639 +/- 0.0100,0.6621 +/- 0.0082,0.9650 +/- 0.0030
