dataset,diagnostic_metric,pearson_r_mean,pearson_r_std,pearson_r_count,spearman_r_mean,spearman_r_std,spearman_r_count
CIFAR-10,angle_drift,-0.008,0.0366,6,-0.0065,0.0106,6
CIFAR-10,etf_drift,0.149,0.1474,6,0.4872,0.243,6
CIFAR-10,nc1,0.2499,0.2563,15,0.3194,0.3835,15
CIFAR-10,nc2,-0.0008,0.0459,15,0.0016,0.0375,15
CIFAR-10,nc3,0.4447,0.2819,15,0.4695,0.35,15
CIFAR-10,nc4,-0.2931,0.4117,15,-0.1826,0.4509,15
CIFAR-100,angle_drift,0.8223,0.0914,6,0.9099,0.0486,6
CIFAR-100,etf_drift,0.6049,0.1728,6,0.869,0.0876,6
CIFAR-100,nc1,0.6455,0.2654,16,0.674,0.281,16
CIFAR-100,nc2,0.5624,0.3236,16,0.6372,0.2977,16
CIFAR-100,nc3,0.8567,0.1424,16,0.8589,0.1201,16
CIFAR-100,nc4,-0.9177,0.0982,16,-0.8745,0.1204,16
