dataset,method,seed,average_accuracy,average_forgetting,backward_transfer,etf_forgetting_corr
CIFAR-10,Finetune,42,0.6433,0.4074,-0.4074,
CIFAR-10,Finetune,43,0.5544,0.51,-0.51,
CIFAR-10,Finetune,44,0.7891,0.2251,-0.2251,
CIFAR-10,EWC,42,0.632,0.4095,-0.4095,
CIFAR-10,EWC,43,0.549,0.5009,-0.5009,
CIFAR-10,EWC,44,0.7766,0.231,-0.231,
CIFAR-10,ETF Anchor,42,0.6032,0.3959,-0.3959,0.2628
CIFAR-10,ETF Anchor,43,0.6141,0.3871,-0.3871,0.0641
CIFAR-10,ETF Anchor,44,0.7832,0.2161,-0.2161,0.231
CIFAR-10,LwF,42,0.958,0.0036,-0.0036,
CIFAR-10,LwF,43,0.948,0.0016,-0.0015,
CIFAR-10,LwF,44,0.963,0.0034,-0.0024,
CIFAR-10,LwF+ETF Strong,42,0.9178,0.0471,-0.0471,0.0078
CIFAR-10,LwF+ETF Strong,43,0.9144,0.043,-0.043,0.3393
CIFAR-10,LwF+ETF Strong,44,0.9083,0.0649,-0.0644,-0.011
CIFAR-100,Finetune,42,0.4047,0.4059,-0.4059,
CIFAR-100,Finetune,43,0.43,0.3786,-0.3786,
CIFAR-100,Finetune,44,0.4505,0.3726,-0.3726,
CIFAR-100,EWC,42,0.4638,0.294,-0.294,
CIFAR-100,EWC,43,0.4861,0.2605,-0.2605,
CIFAR-100,EWC,44,0.5018,0.2648,-0.2648,
CIFAR-100,ETF Anchor Sparse,42,0.4133,0.3615,-0.3615,0.5906
CIFAR-100,ETF Anchor Sparse,43,0.4106,0.365,-0.365,0.6449
CIFAR-100,ETF Anchor Sparse,44,0.0515,0.676,-0.676,0.5586
CIFAR-100,LwF,42,0.6692,0.0207,-0.0189,
CIFAR-100,LwF,43,0.6805,0.0134,-0.0125,
CIFAR-100,LwF,44,0.6906,0.001,-0.0009,
CIFAR-100,LwF+ETF Strong,42,0.6537,0.0322,-0.0322,0.8823
CIFAR-100,LwF+ETF Strong,43,0.6642,0.03,-0.03,0.3434
CIFAR-100,LwF+ETF Strong,44,0.6737,0.029,-0.0279,0.6097
