step,task_id,nc1,nc2,nc3,nc4,etf_drift,angle_drift,trained_task_id,task1_accuracy,task1_forgetting
0,0,49.25425720214844,0.038249071687459946,0.306514173746109,0.8019999861717224,10.605173110961914,0.038249071687459946,0,,
7900,0,49.12981033325195,0.03927001729607582,0.31038835644721985,0.7950000166893005,11.568211555480957,0.03927001729607582,1,0.6895,0.0
7950,0,52.5673713684082,0.04081980139017105,0.3338538706302643,0.7749999761581421,32.13511276245117,0.04081980139017105,1,0.651,0.03849999999999998
8000,0,48.54896926879883,0.04960259050130844,0.3600333333015442,0.7705000042915344,27.243087768554688,0.04960259050130844,1,0.6525,0.03700000000000003
8050,0,48.50537109375,0.04698628932237625,0.3640521466732025,0.7615000009536743,25.510780334472656,0.04698628932237625,1,0.6535,0.03600000000000003
8100,0,51.69940185546875,0.047087233513593674,0.35958245396614075,0.7850000262260437,26.41733741760254,0.047087233513593674,1,0.662,0.02749999999999997
8150,0,50.1304817199707,0.0522630549967289,0.36876511573791504,0.7515000104904175,25.262550354003906,0.0522630549967289,1,0.6455,0.04400000000000004
8200,0,51.06692886352539,0.050353627651929855,0.3686679005622864,0.7475000023841858,25.285808563232422,0.050353627651929855,1,0.6355,0.05400000000000005
8250,0,49.52387237548828,0.04481669142842293,0.3659525513648987,0.7649999856948853,28.393606185913086,0.04481669142842293,1,0.6435,0.04600000000000004
8300,0,52.76103591918945,0.045717425644397736,0.35659414529800415,0.7829999923706055,21.144132614135742,0.045717425644397736,1,0.661,0.02849999999999997
8350,0,50.93355941772461,0.04991500824689865,0.38175663352012634,0.7900000214576721,24.59325408935547,0.04991500824689865,1,0.655,0.034499999999999975
8400,0,48.482452392578125,0.042483340948820114,0.3620041012763977,0.777999997138977,23.924055099487305,0.042483340948820114,1,0.6625,0.027000000000000024
8450,0,49.95979309082031,0.04751702398061752,0.36698728799819946,0.7879999876022339,24.08840560913086,0.04751702398061752,1,0.645,0.044499999999999984
8500,0,47.80630874633789,0.04819710552692413,0.3763124644756317,0.781499981880188,20.820337295532227,0.04819710552692413,1,0.6645,0.025000000000000022
8550,0,50.44862747192383,0.050304241478443146,0.38116079568862915,0.7864999771118164,20.97835922241211,0.050304241478443146,1,0.6485,0.041000000000000036
8600,0,48.046546936035156,0.045250650495290756,0.3754939138889313,0.7839999794960022,24.142719268798828,0.045250650495290756,1,0.6635,0.026000000000000023
8650,0,51.882408142089844,0.05200828239321709,0.37616175413131714,0.7839999794960022,26.167491912841797,0.05200828239321709,1,0.653,0.03649999999999998
8700,0,47.96111297607422,0.03958509489893913,0.36820560693740845,0.7944999933242798,19.576385498046875,0.03958509489893913,1,0.651,0.03849999999999998
8750,0,46.219486236572266,0.04776341840624809,0.3694344758987427,0.7944999933242798,21.11002540588379,0.04776341840624809,1,0.6585,0.031000000000000028
8800,0,46.802574157714844,0.04830719158053398,0.3731897473335266,0.7990000247955322,16.81070327758789,0.04830719158053398,1,0.6625,0.027000000000000024
8850,0,47.64256286621094,0.04419718682765961,0.37268704175949097,0.7935000061988831,19.285993576049805,0.04419718682765961,1,0.6555,0.03400000000000003
8900,0,48.88606643676758,0.04555849730968475,0.37368330359458923,0.8119999766349792,17.643930435180664,0.04555849730968475,1,0.662,0.02749999999999997
8950,0,45.13037872314453,0.04392378777265549,0.3753853440284729,0.8040000200271606,20.47222328186035,0.04392378777265549,1,0.667,0.022499999999999964
9000,0,47.48839569091797,0.04524572193622589,0.3748782277107239,0.796999990940094,18.606189727783203,0.04524572193622589,1,0.6555,0.03400000000000003
9050,0,48.92520523071289,0.04463883116841316,0.3721764087677002,0.7994999885559082,25.009021759033203,0.04463883116841316,1,0.6435,0.04600000000000004
9100,0,46.11150360107422,0.04226429760456085,0.3705006241798401,0.8090000152587891,20.049400329589844,0.04226429760456085,1,0.6545,0.03500000000000003
9150,0,49.37052536010742,0.049337808042764664,0.3857174813747406,0.7894999980926514,23.207889556884766,0.049337808042764664,1,0.6645,0.025000000000000022
9200,0,50.13672637939453,0.04477672651410103,0.3754870891571045,0.7754999995231628,25.138473510742188,0.04477672651410103,1,0.6455,0.04400000000000004
9250,0,43.66691970825195,0.045617908239364624,0.384537011384964,0.7914999723434448,24.733013153076172,0.045617908239364624,1,0.6625,0.027000000000000024
9300,0,44.98407745361328,0.040950957685709,0.3760870695114136,0.7994999885559082,27.850109100341797,0.040950957685709,1,0.6545,0.03500000000000003
9350,0,45.511104583740234,0.051610272377729416,0.3931685984134674,0.8174999952316284,22.704124450683594,0.051610272377729416,1,0.668,0.021499999999999964
9400,0,45.442630767822266,0.044351011514663696,0.3840445578098297,0.8134999871253967,17.62790298461914,0.044351011514663696,1,0.671,0.01849999999999996
9450,0,43.20388412475586,0.045673079788684845,0.37658998370170593,0.8130000233650208,18.853023529052734,0.045673079788684845,1,0.665,0.024499999999999966
9500,0,43.988128662109375,0.04187851771712303,0.3725060224533081,0.8224999904632568,15.690666198730469,0.04187851771712303,1,0.6725,0.017000000000000015
9550,0,42.08978271484375,0.04255208373069763,0.3838490843772888,0.8109999895095825,20.8590087890625,0.04255208373069763,1,0.6735,0.016000000000000014
9600,0,42.542598724365234,0.042307235300540924,0.3731692135334015,0.8234999775886536,15.217742919921875,0.042307235300540924,1,0.6675,0.02200000000000002
9650,0,45.118202209472656,0.04389028996229172,0.3901968002319336,0.796500027179718,34.60875701904297,0.04389028996229172,1,0.662,0.02749999999999997
9700,0,46.930564880371094,0.04256754368543625,0.37983274459838867,0.8140000104904175,20.239500045776367,0.04256754368543625,1,0.665,0.024499999999999966
9750,0,47.506103515625,0.04607090353965759,0.38529810309410095,0.7975000143051147,18.894100189208984,0.04607090353965759,1,0.656,0.033499999999999974
9800,0,44.278724670410156,0.04272091016173363,0.3815242052078247,0.8050000071525574,17.945371627807617,0.04272091016173363,1,0.673,0.01649999999999996
9850,0,44.036048889160156,0.04313623532652855,0.375682532787323,0.828000009059906,20.838346481323242,0.04313623532652855,1,0.6695,0.020000000000000018
9900,0,44.42211151123047,0.0407090038061142,0.3756643831729889,0.8190000057220459,15.212949752807617,0.0407090038061142,1,0.675,0.014499999999999957
9950,0,44.211273193359375,0.04298445209860802,0.3929463028907776,0.815500020980835,24.382068634033203,0.04298445209860802,1,0.665,0.024499999999999966
10000,0,42.912925720214844,0.04236271604895592,0.38059473037719727,0.8295000195503235,18.837158203125,0.04236271604895592,1,0.6805,0.009000000000000008
10050,0,43.07162094116211,0.04062475264072418,0.39936020970344543,0.8144999742507935,26.015426635742188,0.04062475264072418,1,0.677,0.012499999999999956
10100,0,43.725582122802734,0.04299354925751686,0.38281452655792236,0.8149999976158142,20.678897857666016,0.04299354925751686,1,0.6695,0.020000000000000018
10150,0,42.39142608642578,0.041101761162281036,0.3827710747718811,0.8109999895095825,22.450908660888672,0.041101761162281036,1,0.6595,0.030000000000000027
10200,0,42.974273681640625,0.042095497250556946,0.389194130897522,0.8149999976158142,15.14838695526123,0.042095497250556946,1,0.6715,0.018000000000000016
10250,0,42.62997817993164,0.043231092393398285,0.3889792561531067,0.8199999928474426,21.039766311645508,0.043231092393398285,1,0.664,0.025499999999999967
10300,0,44.48954772949219,0.04629211500287056,0.38654929399490356,0.8195000290870667,16.111671447753906,0.04629211500287056,1,0.6725,0.017000000000000015
10350,0,45.580379486083984,0.04679073020815849,0.39532703161239624,0.8075000047683716,20.922658920288086,0.04679073020815849,1,0.659,0.03049999999999997
10400,0,44.95341873168945,0.04095563292503357,0.3859426975250244,0.8245000243186951,15.269640922546387,0.04095563292503357,1,0.6765,0.013000000000000012
10450,0,41.378273010253906,0.043091509491205215,0.39663639664649963,0.8140000104904175,30.1712703704834,0.043091509491205215,1,0.68,0.009499999999999953
10500,0,45.16743087768555,0.04072924330830574,0.3908647298812866,0.8144999742507935,17.601261138916016,0.04072924330830574,1,0.6655,0.02400000000000002
10550,0,43.753570556640625,0.04506886005401611,0.39201050996780396,0.8299999833106995,17.494539260864258,0.04506886005401611,1,0.6755,0.014000000000000012
10600,0,43.36366271972656,0.04455240070819855,0.3949318826198578,0.8075000047683716,14.739089965820312,0.04455240070819855,1,0.678,0.011499999999999955
10650,0,44.709022521972656,0.04168602079153061,0.38862329721450806,0.8259999752044678,18.191848754882812,0.04168602079153061,1,0.6615,0.028000000000000025
10700,0,42.4235954284668,0.04210834950208664,0.3950260877609253,0.824999988079071,17.080211639404297,0.04210834950208664,1,0.6635,0.026000000000000023
10750,0,44.97089767456055,0.044299472123384476,0.3968099355697632,0.7975000143051147,20.492656707763672,0.044299472123384476,1,0.6555,0.03400000000000003
10800,0,41.8923225402832,0.04248243197798729,0.3986889123916626,0.8299999833106995,14.67969799041748,0.04248243197798729,1,0.6645,0.025000000000000022
10850,0,43.56719970703125,0.04054701328277588,0.3930003046989441,0.8134999871253967,25.352943420410156,0.04054701328277588,1,0.663,0.026499999999999968
10900,0,43.729248046875,0.04354194924235344,0.394985169172287,0.8234999775886536,14.567028999328613,0.04354194924235344,1,0.6765,0.013000000000000012
10950,0,42.93335723876953,0.04384604096412659,0.4016822874546051,0.7684999704360962,44.50385284423828,0.04384604096412659,1,0.6485,0.041000000000000036
11000,0,42.8233528137207,0.04445476084947586,0.3981902301311493,0.824999988079071,14.448193550109863,0.04445476084947586,1,0.6705,0.019000000000000017
11050,0,44.714691162109375,0.042783647775650024,0.3828333020210266,0.8159999847412109,15.791765213012695,0.042783647775650024,1,0.671,0.01849999999999996
11100,0,46.16275405883789,0.04024575278162956,0.3903694748878479,0.8209999799728394,22.537521362304688,0.04024575278162956,1,0.6595,0.030000000000000027
11150,0,43.77472686767578,0.041794709861278534,0.3902314305305481,0.7954999804496765,25.27049446105957,0.041794709861278534,1,0.652,0.03749999999999998
11200,0,42.082828521728516,0.0384950153529644,0.40345701575279236,0.7929999828338623,41.434024810791016,0.0384950153529644,1,0.6455,0.04400000000000004
11250,0,44.93339920043945,0.04253162071108818,0.3948678970336914,0.8119999766349792,18.189762115478516,0.04253162071108818,1,0.6555,0.03400000000000003
11300,0,42.17721176147461,0.041331034153699875,0.3866679072380066,0.8360000252723694,16.36507797241211,0.041331034153699875,1,0.6785,0.01100000000000001
11350,0,43.64128112792969,0.04117971658706665,0.39279013872146606,0.8234999775886536,17.025381088256836,0.04117971658706665,1,0.6845,0.0050000000000000044
11400,0,41.97267150878906,0.042828965932130814,0.39970478415489197,0.8190000057220459,18.98257827758789,0.042828965932130814,1,0.6675,0.02200000000000002
11450,0,43.88016891479492,0.04205510392785072,0.39361265301704407,0.8109999895095825,16.106626510620117,0.04205510392785072,1,0.676,0.013499999999999956
11500,0,44.707374572753906,0.04278581961989403,0.39145076274871826,0.8309999704360962,16.07463264465332,0.04278581961989403,1,0.67,0.019499999999999962
11550,0,43.61641311645508,0.04042946919798851,0.3918226659297943,0.8125,16.626163482666016,0.04042946919798851,1,0.6705,0.019000000000000017
11600,0,42.1714973449707,0.04073091968894005,0.39631029963493347,0.8180000185966492,14.567614555358887,0.04073091968894005,1,0.676,0.013499999999999956
11650,0,43.74910354614258,0.04140425845980644,0.3947697579860687,0.8240000009536743,15.10804271697998,0.04140425845980644,1,0.6795,0.010000000000000009
11700,0,44.60798263549805,0.04075963795185089,0.393566757440567,0.8305000066757202,21.999296188354492,0.04075963795185089,1,0.6635,0.026000000000000023
11750,0,45.31188201904297,0.04001356288790703,0.388772189617157,0.8259999752044678,13.45092487335205,0.04001356288790703,1,0.674,0.015499999999999958
11800,0,45.85717010498047,0.04421905800700188,0.3981485068798065,0.8080000281333923,14.845230102539062,0.04421905800700188,1,0.669,0.020499999999999963
11850,0,43.96532440185547,0.04142291471362114,0.40044498443603516,0.8485000133514404,18.252517700195312,0.04142291471362114,1,0.665,0.024499999999999966
11900,0,46.41435241699219,0.04165909066796303,0.3917512595653534,0.8029999732971191,23.443939208984375,0.04165909066796303,1,0.6665,0.02300000000000002
11950,0,44.236351013183594,0.04251528158783913,0.3960989713668823,0.8330000042915344,14.773809432983398,0.04251528158783913,1,0.675,0.014499999999999957
12000,0,41.81025695800781,0.04202919080853462,0.3989914357662201,0.8215000033378601,15.41211986541748,0.04202919080853462,1,0.666,0.023499999999999965
12050,0,43.1314811706543,0.04259752854704857,0.3968007266521454,0.8149999976158142,17.972400665283203,0.04259752854704857,1,0.6665,0.02300000000000002
12100,0,42.48994064331055,0.03996800258755684,0.3859255909919739,0.8445000052452087,14.100137710571289,0.03996800258755684,1,0.6755,0.014000000000000012
12150,0,43.795936584472656,0.04035297781229019,0.38922354578971863,0.8199999928474426,18.806819915771484,0.04035297781229019,1,0.6615,0.028000000000000025
12200,0,43.58315658569336,0.039403706789016724,0.38958436250686646,0.824999988079071,15.021196365356445,0.039403706789016724,1,0.673,0.01649999999999996
12250,0,43.880821228027344,0.04236529394984245,0.3939412534236908,0.8059999942779541,22.5053768157959,0.04236529394984245,1,0.6685,0.02100000000000002
12300,0,45.689918518066406,0.043446194380521774,0.3873220980167389,0.8324999809265137,14.153042793273926,0.043446194380521774,1,0.6715,0.018000000000000016
12350,0,44.9774169921875,0.04337052255868912,0.39066776633262634,0.8234999775886536,13.837175369262695,0.04337052255868912,1,0.679,0.010499999999999954
12400,0,44.323707580566406,0.042396459728479385,0.39584463834762573,0.8370000123977661,14.00157642364502,0.042396459728479385,1,0.6755,0.014000000000000012
12450,0,42.92021179199219,0.04597204178571701,0.4096062183380127,0.8015000224113464,23.132095336914062,0.04597204178571701,1,0.6665,0.02300000000000002
12500,0,42.71928024291992,0.041478559374809265,0.3904247283935547,0.8309999704360962,15.978853225708008,0.041478559374809265,1,0.6795,0.010000000000000009
12550,0,41.33118438720703,0.03962213546037674,0.38814207911491394,0.8355000019073486,16.552444458007812,0.03962213546037674,1,0.677,0.012499999999999956
12600,0,42.3372802734375,0.03879060968756676,0.3942597210407257,0.8169999718666077,22.772689819335938,0.03879060968756676,1,0.67,0.019499999999999962
12650,0,41.41916275024414,0.0400768518447876,0.3926837742328644,0.8445000052452087,17.137853622436523,0.0400768518447876,1,0.67,0.019499999999999962
12700,0,42.11296463012695,0.04205534979701042,0.38994064927101135,0.8475000262260437,12.838045120239258,0.04205534979701042,1,0.6805,0.009000000000000008
12750,0,38.90648651123047,0.0379902683198452,0.3929198384284973,0.8289999961853027,17.429773330688477,0.0379902683198452,1,0.6885,0.0010000000000000009
12800,0,42.952640533447266,0.039643798023462296,0.387851357460022,0.8385000228881836,13.528772354125977,0.039643798023462296,1,0.6805,0.009000000000000008
12850,0,41.50999069213867,0.04177985340356827,0.3880729675292969,0.8349999785423279,14.45527172088623,0.04177985340356827,1,0.678,0.011499999999999955
12900,0,40.92778778076172,0.039445266127586365,0.38668903708457947,0.8324999809265137,13.664588928222656,0.039445266127586365,1,0.6695,0.020000000000000018
12950,0,41.38921356201172,0.041270576417446136,0.3918808400630951,0.8414999842643738,14.924690246582031,0.041270576417446136,1,0.675,0.014499999999999957
13000,0,39.72612380981445,0.03811749070882797,0.37990638613700867,0.8364999890327454,14.258753776550293,0.03811749070882797,1,0.684,0.005499999999999949
13050,0,40.859764099121094,0.04131787642836571,0.3866546154022217,0.8410000205039978,14.090988159179688,0.04131787642836571,1,0.679,0.010499999999999954
13100,0,42.63861846923828,0.03848865628242493,0.38016027212142944,0.8330000042915344,10.870359420776367,0.03848865628242493,1,0.6875,0.0020000000000000018
13150,0,39.905433654785156,0.03844786062836647,0.3824540376663208,0.8429999947547913,11.592202186584473,0.03844786062836647,1,0.6825,0.007000000000000006
13200,0,42.18842315673828,0.04126033931970596,0.38510042428970337,0.8339999914169312,12.790414810180664,0.04126033931970596,1,0.679,0.010499999999999954
13250,0,41.57421112060547,0.04219646379351616,0.38936981558799744,0.8525000214576721,15.1420259475708,0.04219646379351616,1,0.687,0.0024999999999999467
13300,0,41.909339904785156,0.03862445056438446,0.38428789377212524,0.8299999833106995,12.665247917175293,0.03862445056438446,1,0.6825,0.007000000000000006
13350,0,40.544395446777344,0.03936518356204033,0.3850460648536682,0.8420000076293945,19.1392765045166,0.03936518356204033,1,0.68,0.009499999999999953
13400,0,41.16196060180664,0.040672313421964645,0.38725727796554565,0.8464999794960022,11.705705642700195,0.040672313421964645,1,0.679,0.010499999999999954
13450,0,41.8026008605957,0.039266958832740784,0.38468077778816223,0.8460000157356262,11.483824729919434,0.039266958832740784,1,0.6815,0.008000000000000007
13500,0,41.35442352294922,0.03966968506574631,0.38451850414276123,0.8489999771118164,10.886865615844727,0.03966968506574631,1,0.691,-0.0014999999999999458
13550,0,39.93296813964844,0.038958244025707245,0.3802216649055481,0.8450000286102295,12.15214729309082,0.038958244025707245,1,0.688,0.0015000000000000568
13600,0,41.25012969970703,0.03977659344673157,0.38419774174690247,0.8445000052452087,10.951766014099121,0.03977659344673157,1,0.6855,0.0040000000000000036
13650,0,39.62329864501953,0.03781730309128761,0.37994903326034546,0.8429999947547913,13.550430297851562,0.03781730309128761,1,0.681,0.008499999999999952
13700,0,39.67036819458008,0.038633041083812714,0.38261231780052185,0.8535000085830688,12.162534713745117,0.038633041083812714,1,0.6855,0.0040000000000000036
13750,0,39.68724060058594,0.040202029049396515,0.38357043266296387,0.8535000085830688,11.339532852172852,0.040202029049396515,1,0.684,0.005499999999999949
13800,0,40.02761459350586,0.03813815489411354,0.37846824526786804,0.8535000085830688,11.440600395202637,0.03813815489411354,1,0.6845,0.0050000000000000044
13850,0,40.4864616394043,0.039167750626802444,0.3785409927368164,0.8565000295639038,11.369699478149414,0.039167750626802444,1,0.683,0.00649999999999995
13900,0,39.68050003051758,0.037578266113996506,0.3793061673641205,0.8514999747276306,11.335409164428711,0.037578266113996506,1,0.686,0.0034999999999999476
13950,0,40.127567291259766,0.03991740196943283,0.3820933997631073,0.8454999923706055,11.358351707458496,0.03991740196943283,1,0.682,0.007499999999999951
14000,0,39.89923095703125,0.039476968348026276,0.3793722987174988,0.8395000100135803,11.490171432495117,0.039476968348026276,1,0.683,0.00649999999999995
14050,0,40.256202697753906,0.03823894262313843,0.3790736198425293,0.8464999794960022,11.87779426574707,0.03823894262313843,1,0.6815,0.008000000000000007
14100,0,39.64753723144531,0.03888167440891266,0.3783251643180847,0.843500018119812,10.377947807312012,0.03888167440891266,1,0.6805,0.009000000000000008
14150,0,39.910789489746094,0.03944181278347969,0.3789498507976532,0.8514999747276306,10.48758602142334,0.03944181278347969,1,0.688,0.0015000000000000568
14200,0,39.99706268310547,0.03841079771518707,0.37725958228111267,0.8504999876022339,12.702519416809082,0.03841079771518707,1,0.679,0.010499999999999954
14250,0,40.34870529174805,0.037333834916353226,0.377215713262558,0.8454999923706055,12.28818416595459,0.037333834916353226,1,0.684,0.005499999999999949
14300,0,39.49582290649414,0.03782670199871063,0.38129904866218567,0.8295000195503235,12.476649284362793,0.03782670199871063,1,0.6855,0.0040000000000000036
14350,0,39.89470672607422,0.03860056772828102,0.37618494033813477,0.847000002861023,10.523279190063477,0.03860056772828102,1,0.69,-0.0004999999999999449
14400,0,39.98139190673828,0.03816026449203491,0.3761376738548279,0.8460000157356262,11.017938613891602,0.03816026449203491,1,0.686,0.0034999999999999476
14450,0,39.528297424316406,0.038637492805719376,0.37726351618766785,0.8475000262260437,12.439119338989258,0.038637492805719376,1,0.6825,0.007000000000000006
14500,0,39.63113021850586,0.03743608295917511,0.3760761320590973,0.8479999899864197,12.058553695678711,0.03743608295917511,1,0.684,0.005499999999999949
14550,0,40.331634521484375,0.03823353722691536,0.37658146023750305,0.843500018119812,11.550763130187988,0.03823353722691536,1,0.686,0.0034999999999999476
14600,0,39.788047790527344,0.037778303027153015,0.37581783533096313,0.8450000286102295,12.466690063476562,0.037778303027153015,1,0.6775,0.01200000000000001
14650,0,39.9719352722168,0.03781050816178322,0.37910494208335876,0.840499997138977,12.44282054901123,0.03781050816178322,1,0.68,0.009499999999999953
14700,0,39.69600296020508,0.037355076521635056,0.37349817156791687,0.8454999923706055,10.597485542297363,0.037355076521635056,1,0.679,0.010499999999999954
14750,0,40.15998458862305,0.037271060049533844,0.37418752908706665,0.847000002861023,12.094762802124023,0.037271060049533844,1,0.679,0.010499999999999954
14800,0,39.96568298339844,0.037407830357551575,0.3754628896713257,0.8475000262260437,11.74257755279541,0.037407830357551575,1,0.6845,0.0050000000000000044
14850,0,40.081138610839844,0.037454716861248016,0.3743935823440552,0.8519999980926514,12.731846809387207,0.037454716861248016,1,0.6815,0.008000000000000007
14900,0,40.73596954345703,0.037253204733133316,0.3749144673347473,0.8355000019073486,12.284263610839844,0.037253204733133316,1,0.681,0.008499999999999952
14950,0,40.337059020996094,0.038046944886446,0.37360191345214844,0.8479999899864197,11.023876190185547,0.038046944886446,1,0.684,0.005499999999999949
15000,0,40.43311309814453,0.03761128708720207,0.37375667691230774,0.843999981880188,10.848884582519531,0.03761128708720207,1,0.681,0.008499999999999952
15050,0,40.253753662109375,0.0377974808216095,0.37250080704689026,0.8370000123977661,10.754342079162598,0.0377974808216095,1,0.6815,0.008000000000000007
15100,0,40.386375427246094,0.037231940776109695,0.37153977155685425,0.8395000100135803,10.869038581848145,0.037231940776109695,1,0.677,0.012499999999999956
15150,0,40.344478607177734,0.03761747106909752,0.3725622594356537,0.8395000100135803,10.589314460754395,0.03761747106909752,1,0.6825,0.007000000000000006
15200,0,39.97691345214844,0.03731201961636543,0.37308618426322937,0.843500018119812,11.320180892944336,0.03731201961636543,1,0.68,0.009499999999999953
15250,0,40.00772476196289,0.03759104758501053,0.372627317905426,0.8360000252723694,10.822183609008789,0.03759104758501053,1,0.6785,0.01100000000000001
15300,0,40.449134826660156,0.036787111312150955,0.37277403473854065,0.8374999761581421,11.801523208618164,0.036787111312150955,1,0.677,0.012499999999999956
15350,0,40.51070785522461,0.03711872920393944,0.37290316820144653,0.843500018119812,11.441235542297363,0.03711872920393944,1,0.6775,0.01200000000000001
15400,0,40.316673278808594,0.03667621687054634,0.37188011407852173,0.8410000205039978,11.496262550354004,0.03667621687054634,1,0.6815,0.008000000000000007
15450,0,40.61082077026367,0.03720807656645775,0.37256920337677,0.8385000228881836,11.972256660461426,0.03720807656645775,1,0.679,0.010499999999999954
15500,0,40.70567321777344,0.0365794412791729,0.3728463053703308,0.8364999890327454,11.58195686340332,0.0365794412791729,1,0.6805,0.009000000000000008
15550,0,40.43546676635742,0.036852139979600906,0.3719729781150818,0.8360000252723694,11.962769508361816,0.036852139979600906,1,0.6785,0.01100000000000001
15600,0,40.56392288208008,0.03674754127860069,0.3739897310733795,0.8360000252723694,11.679238319396973,0.03674754127860069,1,0.6815,0.008000000000000007
15650,0,40.38426971435547,0.036746762692928314,0.3732631802558899,0.8424999713897705,11.937477111816406,0.036746762692928314,1,0.6805,0.009000000000000008
15700,0,40.98705291748047,0.03669077903032303,0.37267208099365234,0.8360000252723694,12.057912826538086,0.03669077903032303,1,0.681,0.008499999999999952
15750,0,40.58751678466797,0.03720010817050934,0.3744349181652069,0.8330000042915344,12.457220077514648,0.03720010817050934,1,0.682,0.007499999999999951
1,0,40.74454116821289,0.03640308231115341,0.3722495436668396,0.8379999995231628,12.81420612335205,0.03640308231115341,1,,
1,1,67.27949523925781,0.10207930952310562,0.38790163397789,0.6769999861717224,,,1,,
15800,0,132.73046875,0.06451113522052765,0.4532307982444763,0.4244999885559082,77.63745880126953,0.06451113522052765,2,0.4315,0.258
15850,0,60.48823165893555,0.058893926441669464,0.44627150893211365,0.6875,66.80240631103516,0.058893926441669464,2,0.607,0.08250000000000002
15900,0,57.21454620361328,0.05095047131180763,0.4672066569328308,0.656499981880188,87.39659118652344,0.05095047131180763,2,0.597,0.09250000000000003
15950,0,54.572113037109375,0.0533054955303669,0.42740359902381897,0.7885000109672546,32.44056701660156,0.0533054955303669,2,0.64,0.04949999999999999
16000,0,48.29927444458008,0.049417052417993546,0.43072065711021423,0.7835000157356262,28.45939064025879,0.049417052417993546,2,0.64,0.04949999999999999
16050,0,47.4936637878418,0.04710542783141136,0.42402634024620056,0.7825000286102295,29.36614990234375,0.04710542783141136,2,0.6525,0.03700000000000003
16100,0,53.684532165527344,0.058230720460414886,0.42784053087234497,0.7680000066757202,32.689247131347656,0.058230720460414886,2,0.624,0.0655
16150,0,52.30463790893555,0.05347958952188492,0.4356151223182678,0.7590000033378601,34.58156967163086,0.05347958952188492,2,0.619,0.07050000000000001
16200,0,49.55011749267578,0.04815893620252609,0.41916030645370483,0.7944999933242798,22.844614028930664,0.04815893620252609,2,0.6425,0.04700000000000004
16250,0,50.07837677001953,0.055647216737270355,0.44181028008461,0.7710000276565552,29.433700561523438,0.055647216737270355,2,0.6385,0.051000000000000045
16300,0,49.26801300048828,0.047472793608903885,0.42152324318885803,0.7904999852180481,23.525922775268555,0.047472793608903885,2,0.6415,0.04800000000000004
16350,0,56.587615966796875,0.05553378909826279,0.4316464364528656,0.765500009059906,37.57008361816406,0.05553378909826279,2,0.619,0.07050000000000001
16400,0,46.40888977050781,0.0498955138027668,0.43015962839126587,0.8009999990463257,27.422374725341797,0.0498955138027668,2,0.6445,0.04500000000000004
16450,0,48.37124252319336,0.045248836278915405,0.4392189085483551,0.7860000133514404,49.44386291503906,0.045248836278915405,2,0.6205,0.06899999999999995
16500,0,47.25996780395508,0.05024575814604759,0.4159719944000244,0.7960000038146973,21.033926010131836,0.05024575814604759,2,0.647,0.04249999999999998
16550,0,49.138851165771484,0.057357415556907654,0.4489808678627014,0.7365000247955322,46.60675048828125,0.057357415556907654,2,0.595,0.09450000000000003
16600,0,50.971656799316406,0.051000259816646576,0.41445475816726685,0.7760000228881836,25.818883895874023,0.051000259816646576,2,0.6345,0.05500000000000005
16650,0,50.56635284423828,0.050627291202545166,0.41882580518722534,0.762499988079071,31.69451332092285,0.050627291202545166,2,0.6165,0.07299999999999995
16700,0,50.25580978393555,0.04792466387152672,0.40517672896385193,0.8190000057220459,19.41160774230957,0.04792466387152672,2,0.65,0.03949999999999998
16750,0,49.582374572753906,0.048333022743463516,0.41840213537216187,0.7645000219345093,25.962244033813477,0.048333022743463516,2,0.62,0.0695
16800,0,53.90497970581055,0.05435812100768089,0.42202886939048767,0.7580000162124634,33.74202346801758,0.05435812100768089,2,0.6085,0.08099999999999996
16850,0,88.50611877441406,0.09972956776618958,0.5509762167930603,0.5145000219345093,173.11512756347656,0.09972956776618958,2,0.5015,0.18800000000000006
16900,0,43.63475799560547,0.04505708068609238,0.4088169038295746,0.8144999742507935,25.887805938720703,0.04505708068609238,2,0.6515,0.038000000000000034
16950,0,47.61847686767578,0.05116806551814079,0.4357979893684387,0.7684999704360962,35.77187728881836,0.05116806551814079,2,0.6295,0.06000000000000005
17000,0,48.176151275634766,0.048384979367256165,0.40672630071640015,0.8125,25.013689041137695,0.048384979367256165,2,0.6525,0.03700000000000003
17050,0,48.35091018676758,0.0443975031375885,0.41093525290489197,0.765500009059906,42.292091369628906,0.0443975031375885,2,0.6415,0.04800000000000004
17100,0,48.839210510253906,0.04647299274802208,0.3976142406463623,0.7950000166893005,29.09926986694336,0.04647299274802208,2,0.6355,0.05400000000000005
17150,0,45.64440155029297,0.046292394399642944,0.3998667001724243,0.8084999918937683,21.66293716430664,0.046292394399642944,2,0.656,0.033499999999999974
17200,0,51.14350509643555,0.05256948992609978,0.42440304160118103,0.7854999899864197,24.585962295532227,0.05256948992609978,2,0.638,0.05149999999999999
17250,0,52.56890869140625,0.055299315601587296,0.42557868361473083,0.7609999775886536,52.82627487182617,0.055299315601587296,2,0.6085,0.08099999999999996
17300,0,47.88682174682617,0.04854528605937958,0.41095995903015137,0.7889999747276306,21.106307983398438,0.04854528605937958,2,0.6275,0.062000000000000055
17350,0,47.11724090576172,0.04822181910276413,0.40878111124038696,0.8075000047683716,24.293405532836914,0.04822181910276413,2,0.6485,0.041000000000000036
17400,0,55.75129318237305,0.05161016434431076,0.4398126006126404,0.6945000290870667,52.340850830078125,0.05161016434431076,2,0.606,0.08350000000000002
17450,0,45.50808334350586,0.0426567867398262,0.4107062816619873,0.7950000166893005,33.38249206542969,0.0426567867398262,2,0.6375,0.052000000000000046
17500,0,45.531822204589844,0.04677692800760269,0.40280264616012573,0.8084999918937683,17.70619773864746,0.04677692800760269,2,0.655,0.034499999999999975
17550,0,48.58234405517578,0.04643721878528595,0.41355615854263306,0.762499988079071,36.10127639770508,0.04643721878528595,2,0.6375,0.052000000000000046
17600,0,48.476219177246094,0.0466725192964077,0.4074222147464752,0.8059999942779541,22.187978744506836,0.0466725192964077,2,0.6415,0.04800000000000004
17650,0,50.798648834228516,0.05034133046865463,0.40852445363998413,0.7639999985694885,33.25545120239258,0.05034133046865463,2,0.644,0.045499999999999985
17700,0,48.79006576538086,0.0472685806453228,0.4198460578918457,0.7990000247955322,21.631282806396484,0.0472685806453228,2,0.6475,0.04200000000000004
17750,0,49.53627395629883,0.05188189074397087,0.43784213066101074,0.6704999804496765,74.1541976928711,0.05188189074397087,2,0.5985,0.09099999999999997
17800,0,45.36106491088867,0.04071766138076782,0.4097001552581787,0.8119999766349792,25.593036651611328,0.04071766138076782,2,0.6475,0.04200000000000004
17850,0,51.03120040893555,0.047765184193849564,0.40394601225852966,0.7944999933242798,25.506183624267578,0.047765184193849564,2,0.6505,0.039000000000000035
17900,0,51.006996154785156,0.04743482172489166,0.4022318422794342,0.796500027179718,19.3836612701416,0.04743482172489166,2,0.6355,0.05400000000000005
17950,0,47.98041534423828,0.044536132365465164,0.40070289373397827,0.7850000262260437,44.778690338134766,0.044536132365465164,2,0.641,0.04849999999999999
18000,0,47.087867736816406,0.051200076937675476,0.41259902715682983,0.8130000233650208,20.502687454223633,0.051200076937675476,2,0.6485,0.041000000000000036
18050,0,45.42761993408203,0.04720024764537811,0.40466466546058655,0.7764999866485596,24.66061019897461,0.04720024764537811,2,0.6395,0.050000000000000044
18100,0,42.72184371948242,0.04269953444600105,0.4033726751804352,0.796500027179718,20.738691329956055,0.04269953444600105,2,0.662,0.02749999999999997
18150,0,49.762489318847656,0.046244215220212936,0.4140452444553375,0.7864999771118164,29.430282592773438,0.046244215220212936,2,0.6325,0.05700000000000005
18200,0,46.612579345703125,0.052045416086912155,0.40857434272766113,0.8065000176429749,20.6806640625,0.052045416086912155,2,0.6495,0.040000000000000036
18250,0,51.64795684814453,0.04770544543862343,0.41244345903396606,0.7954999804496765,27.331762313842773,0.04770544543862343,2,0.617,0.07250000000000001
18300,0,45.55718231201172,0.0468633659183979,0.42045846581459045,0.7994999885559082,22.064199447631836,0.0468633659183979,2,0.633,0.056499999999999995
18350,0,44.95631790161133,0.046061281114816666,0.4036649763584137,0.8044999837875366,21.925811767578125,0.046061281114816666,2,0.659,0.03049999999999997
18400,0,49.322818756103516,0.04830383136868477,0.4047240614891052,0.8050000071525574,30.558834075927734,0.04830383136868477,2,0.641,0.04849999999999999
18450,0,45.134063720703125,0.04764818400144577,0.41192054748535156,0.8040000200271606,27.847637176513672,0.04764818400144577,2,0.636,0.05349999999999999
18500,0,44.65541076660156,0.046339139342308044,0.41135501861572266,0.7630000114440918,25.8209228515625,0.046339139342308044,2,0.6375,0.052000000000000046
18550,0,47.21481704711914,0.045119501650333405,0.41137099266052246,0.7979999780654907,24.253273010253906,0.045119501650333405,2,0.6445,0.04500000000000004
18600,0,49.491294860839844,0.04717410355806351,0.40862107276916504,0.8184999823570251,23.018266677856445,0.04717410355806351,2,0.6525,0.03700000000000003
18650,0,45.55777359008789,0.046994898468256,0.41586050391197205,0.8084999918937683,19.081708908081055,0.046994898468256,2,0.654,0.035499999999999976
18700,0,44.08877944946289,0.042675044387578964,0.39408808946609497,0.8320000171661377,20.301084518432617,0.042675044387578964,2,0.6595,0.030000000000000027
18750,0,44.643157958984375,0.04595879092812538,0.41823846101760864,0.8125,23.961925506591797,0.04595879092812538,2,0.643,0.046499999999999986
18800,0,50.73305130004883,0.04946595057845116,0.40650153160095215,0.8230000138282776,18.810518264770508,0.04946595057845116,2,0.648,0.04149999999999998
18850,0,44.63903045654297,0.04556547850370407,0.4173930585384369,0.8034999966621399,20.789329528808594,0.04556547850370407,2,0.641,0.04849999999999999
18900,0,50.00432205200195,0.04774019494652748,0.40664035081863403,0.8109999895095825,19.939538955688477,0.04774019494652748,2,0.65,0.03949999999999998
18950,0,43.728607177734375,0.04208198934793472,0.4250561594963074,0.7975000143051147,23.954240798950195,0.04208198934793472,2,0.649,0.04049999999999998
19000,0,44.330467224121094,0.04650489240884781,0.4107217788696289,0.8240000009536743,12.805974960327148,0.04650489240884781,2,0.6615,0.028000000000000025
19050,0,43.26103973388672,0.04603848233819008,0.40444475412368774,0.7889999747276306,24.435932159423828,0.04603848233819008,2,0.651,0.03849999999999998
19100,0,44.31428146362305,0.04222353547811508,0.3975481390953064,0.800000011920929,19.964759826660156,0.04222353547811508,2,0.6475,0.04200000000000004
19150,0,46.54570770263672,0.042850837111473083,0.3987061083316803,0.7985000014305115,28.459949493408203,0.042850837111473083,2,0.6455,0.04400000000000004
19200,0,43.93736267089844,0.044005826115608215,0.41094064712524414,0.824999988079071,23.912805557250977,0.044005826115608215,2,0.657,0.03249999999999997
19250,0,45.41438293457031,0.047295790165662766,0.4075782299041748,0.8180000185966492,22.264652252197266,0.047295790165662766,2,0.653,0.03649999999999998
19300,0,47.734619140625,0.04646362364292145,0.4144851267337799,0.8199999928474426,16.773290634155273,0.04646362364292145,2,0.6685,0.02100000000000002
19350,0,48.410560607910156,0.044709477573633194,0.39859429001808167,0.8169999718666077,18.732009887695312,0.044709477573633194,2,0.6535,0.03600000000000003
19400,0,46.843807220458984,0.04573960602283478,0.4017559587955475,0.8034999966621399,18.458179473876953,0.04573960602283478,2,0.6565,0.03300000000000003
19450,0,44.0440788269043,0.04360463097691536,0.3954654335975647,0.7919999957084656,26.637889862060547,0.04360463097691536,2,0.6545,0.03500000000000003
19500,0,44.97240447998047,0.04507914185523987,0.41176143288612366,0.7870000004768372,20.138668060302734,0.04507914185523987,2,0.6695,0.020000000000000018
19550,0,47.92136764526367,0.04953937605023384,0.40659937262535095,0.7674999833106995,29.562084197998047,0.04953937605023384,2,0.6475,0.04200000000000004
19600,0,47.6802978515625,0.04835269972681999,0.40438660979270935,0.8144999742507935,17.35782241821289,0.04835269972681999,2,0.6575,0.03200000000000003
19650,0,56.201698303222656,0.05481497570872307,0.4167606830596924,0.7820000052452087,33.412662506103516,0.05481497570872307,2,0.6155,0.07399999999999995
19700,0,44.460514068603516,0.04567935690283775,0.4042157530784607,0.8374999761581421,14.85279655456543,0.04567935690283775,2,0.666,0.023499999999999965
19750,0,43.741004943847656,0.04425888881087303,0.39798682928085327,0.8044999837875366,17.551145553588867,0.04425888881087303,2,0.6565,0.03300000000000003
19800,0,47.78733825683594,0.04719868674874306,0.4092068076133728,0.8205000162124634,19.192272186279297,0.04719868674874306,2,0.658,0.03149999999999997
19850,0,48.548187255859375,0.047806281596422195,0.40862250328063965,0.8075000047683716,19.427968978881836,0.047806281596422195,2,0.642,0.04749999999999999
19900,0,46.01823043823242,0.04819707199931145,0.4076862931251526,0.8274999856948853,15.700098037719727,0.04819707199931145,2,0.66,0.02949999999999997
19950,0,46.42543029785156,0.04505379498004913,0.40438681840896606,0.8224999904632568,19.10660743713379,0.04505379498004913,2,0.6535,0.03600000000000003
20000,0,46.209129333496094,0.044241443276405334,0.40425753593444824,0.8050000071525574,19.088184356689453,0.044241443276405334,2,0.6505,0.039000000000000035
20050,0,47.818546295166016,0.04976378008723259,0.41376739740371704,0.8029999732971191,20.918750762939453,0.04976378008723259,2,0.6425,0.04700000000000004
20100,0,44.773868560791016,0.040573909878730774,0.39616137742996216,0.8034999966621399,15.624300003051758,0.040573909878730774,2,0.659,0.03049999999999997
20150,0,45.11562728881836,0.04294387251138687,0.4011225700378418,0.8364999890327454,16.403675079345703,0.04294387251138687,2,0.663,0.026499999999999968
20200,0,46.22076416015625,0.04673716425895691,0.4058460593223572,0.8335000276565552,15.707700729370117,0.04673716425895691,2,0.645,0.044499999999999984
20250,0,44.33936309814453,0.04571809619665146,0.40569013357162476,0.8205000162124634,14.905627250671387,0.04571809619665146,2,0.6535,0.03600000000000003
20300,0,44.546730041503906,0.04489034786820412,0.4052655100822449,0.8180000185966492,14.893290519714355,0.04489034786820412,2,0.6615,0.028000000000000025
20350,0,44.50336837768555,0.0445292629301548,0.40769848227500916,0.8220000267028809,15.822977066040039,0.0445292629301548,2,0.6585,0.031000000000000028
20400,0,45.324989318847656,0.046183373779058456,0.40368014574050903,0.8119999766349792,14.985815048217773,0.046183373779058456,2,0.66,0.02949999999999997
20450,0,45.32749557495117,0.049164269119501114,0.41761231422424316,0.8040000200271606,16.813264846801758,0.049164269119501114,2,0.6475,0.04200000000000004
20500,0,43.4549446105957,0.042049359530210495,0.399727463722229,0.8234999775886536,13.84587287902832,0.042049359530210495,2,0.6615,0.028000000000000025
20550,0,43.863834381103516,0.047372929751873016,0.4056861996650696,0.815500020980835,15.935992240905762,0.047372929751873016,2,0.652,0.03749999999999998
20600,0,46.02055740356445,0.0469140000641346,0.4123871922492981,0.8420000076293945,12.827326774597168,0.0469140000641346,2,0.6575,0.03200000000000003
20650,0,45.73029327392578,0.046897806227207184,0.40868479013442993,0.8169999718666077,14.36304759979248,0.046897806227207184,2,0.6585,0.031000000000000028
20700,0,49.909690856933594,0.05136401578783989,0.4102718234062195,0.8224999904632568,18.45125961303711,0.05136401578783989,2,0.6495,0.040000000000000036
20750,0,48.765403747558594,0.049437932670116425,0.4145108163356781,0.8190000057220459,17.460180282592773,0.049437932670116425,2,0.6495,0.040000000000000036
20800,0,44.30862808227539,0.044706229120492935,0.40092116594314575,0.8410000205039978,13.606636047363281,0.044706229120492935,2,0.6585,0.031000000000000028
20850,0,43.904212951660156,0.04280738905072212,0.3955056369304657,0.8305000066757202,13.924299240112305,0.04280738905072212,2,0.661,0.02849999999999997
20900,0,46.556785583496094,0.04595009982585907,0.4018639028072357,0.8355000019073486,15.071629524230957,0.04595009982585907,2,0.6585,0.031000000000000028
20950,0,44.28866195678711,0.045726228505373,0.4049161374568939,0.8330000042915344,15.631658554077148,0.045726228505373,2,0.657,0.03249999999999997
21000,0,45.377471923828125,0.043756935745477676,0.4018080234527588,0.8485000133514404,13.162205696105957,0.043756935745477676,2,0.667,0.022499999999999964
21050,0,43.23725509643555,0.04342616721987724,0.40345531702041626,0.8240000009536743,15.193389892578125,0.04342616721987724,2,0.6585,0.031000000000000028
21100,0,46.49193572998047,0.044899508357048035,0.4026293158531189,0.8374999761581421,13.694070816040039,0.044899508357048035,2,0.666,0.023499999999999965
21150,0,43.469764709472656,0.04420088231563568,0.3965983986854553,0.8364999890327454,16.539091110229492,0.04420088231563568,2,0.6655,0.02400000000000002
21200,0,44.41157531738281,0.04290183261036873,0.39604201912879944,0.8410000205039978,14.162091255187988,0.04290183261036873,2,0.664,0.025499999999999967
21250,0,47.92292022705078,0.04776421934366226,0.4121597409248352,0.8339999914169312,15.28559684753418,0.04776421934366226,2,0.66,0.02949999999999997
21300,0,44.611473083496094,0.04268018901348114,0.4008798599243164,0.8220000267028809,14.86584758758545,0.04268018901348114,2,0.6535,0.03600000000000003
21350,0,45.43949508666992,0.04591693356633186,0.4078294336795807,0.8429999947547913,16.020801544189453,0.04591693356633186,2,0.664,0.025499999999999967
21400,0,44.82358169555664,0.04494164139032364,0.40542882680892944,0.8395000100135803,13.355293273925781,0.04494164139032364,2,0.6685,0.02100000000000002
21450,0,45.38994216918945,0.04508708044886589,0.40514373779296875,0.8309999704360962,14.872762680053711,0.04508708044886589,2,0.667,0.022499999999999964
21500,0,44.447509765625,0.04492269456386566,0.4022343158721924,0.8335000276565552,13.494732856750488,0.04492269456386566,2,0.6675,0.02200000000000002
21550,0,45.73225784301758,0.04711190611124039,0.4039537310600281,0.8289999961853027,13.709782600402832,0.04711190611124039,2,0.6695,0.020000000000000018
21600,0,45.13267517089844,0.044454824179410934,0.4033568799495697,0.8320000171661377,13.553220748901367,0.044454824179410934,2,0.667,0.022499999999999964
21650,0,42.81196975708008,0.041786957532167435,0.40048593282699585,0.8360000252723694,14.66479206085205,0.041786957532167435,2,0.6695,0.020000000000000018
21700,0,44.79725646972656,0.04413588345050812,0.4056726396083832,0.8309999704360962,12.858392715454102,0.04413588345050812,2,0.672,0.01749999999999996
21750,0,45.3614387512207,0.044463980942964554,0.40471816062927246,0.8399999737739563,12.209465026855469,0.044463980942964554,2,0.6685,0.02100000000000002
21800,0,44.90618896484375,0.046356286853551865,0.40618443489074707,0.8464999794960022,12.574708938598633,0.046356286853551865,2,0.6625,0.027000000000000024
21850,0,45.15160369873047,0.045625776052474976,0.40572333335876465,0.8410000205039978,11.967329025268555,0.045625776052474976,2,0.6685,0.02100000000000002
21900,0,46.24396514892578,0.04432975873351097,0.40317949652671814,0.8454999923706055,12.089635848999023,0.04432975873351097,2,0.6665,0.02300000000000002
21950,0,45.45883560180664,0.044998086988925934,0.40409737825393677,0.8445000052452087,12.996121406555176,0.044998086988925934,2,0.666,0.023499999999999965
22000,0,45.9559326171875,0.042642075568437576,0.40273618698120117,0.8370000123977661,12.717443466186523,0.042642075568437576,2,0.674,0.015499999999999958
22050,0,45.27819061279297,0.04291726276278496,0.4018310010433197,0.8374999761581421,13.996365547180176,0.04291726276278496,2,0.669,0.020499999999999963
22100,0,44.86720275878906,0.044387541711330414,0.40281686186790466,0.8414999842643738,13.109477043151855,0.044387541711330414,2,0.658,0.03149999999999997
22150,0,45.297061920166016,0.0444316603243351,0.4051702618598938,0.8389999866485596,11.996548652648926,0.0444316603243351,2,0.6575,0.03200000000000003
22200,0,45.70842742919922,0.04405731335282326,0.4023644030094147,0.828499972820282,12.796646118164062,0.04405731335282326,2,0.6625,0.027000000000000024
22250,0,45.454063415527344,0.04409387335181236,0.40047749876976013,0.8374999761581421,13.820727348327637,0.04409387335181236,2,0.6555,0.03400000000000003
22300,0,44.469024658203125,0.04286251589655876,0.4000631272792816,0.8370000123977661,13.421833992004395,0.04286251589655876,2,0.6575,0.03200000000000003
22350,0,43.95393371582031,0.04295405372977257,0.40162181854248047,0.8295000195503235,13.24238395690918,0.04295405372977257,2,0.6675,0.02200000000000002
22400,0,45.6859016418457,0.044582296162843704,0.4017930030822754,0.8195000290870667,12.856321334838867,0.044582296162843704,2,0.652,0.03749999999999998
22450,0,46.1098518371582,0.04370894283056259,0.40301743149757385,0.8389999866485596,12.258926391601562,0.04370894283056259,2,0.661,0.02849999999999997
22500,0,45.37288284301758,0.04512741044163704,0.40122976899147034,0.8330000042915344,12.558170318603516,0.04512741044163704,2,0.66,0.02949999999999997
22550,0,46.25391387939453,0.04314383864402771,0.40060296654701233,0.8335000276565552,12.142951011657715,0.04314383864402771,2,0.6645,0.025000000000000022
22600,0,46.226646423339844,0.04338102787733078,0.39926794171333313,0.8429999947547913,12.582819938659668,0.04338102787733078,2,0.66,0.02949999999999997
22650,0,45.54075241088867,0.04397525638341904,0.40334659814834595,0.8220000267028809,12.051263809204102,0.04397525638341904,2,0.6555,0.03400000000000003
22700,0,45.0160026550293,0.04251715913414955,0.4000699520111084,0.8289999961853027,12.123969078063965,0.04251715913414955,2,0.6575,0.03200000000000003
22750,0,45.62717819213867,0.0429665632545948,0.39848875999450684,0.8360000252723694,11.19984245300293,0.0429665632545948,2,0.66,0.02949999999999997
22800,0,44.45721435546875,0.0420435331761837,0.39701196551322937,0.8345000147819519,12.345046043395996,0.0420435331761837,2,0.661,0.02849999999999997
22850,0,45.76303482055664,0.042971886694431305,0.3971697688102722,0.8389999866485596,12.562156677246094,0.042971886694431305,2,0.662,0.02749999999999997
22900,0,44.86534881591797,0.04285906255245209,0.3972620666027069,0.8345000147819519,12.660947799682617,0.04285906255245209,2,0.661,0.02849999999999997
22950,0,44.65392303466797,0.041778307408094406,0.3957708179950714,0.8289999961853027,12.73905086517334,0.041778307408094406,2,0.661,0.02849999999999997
23000,0,44.8369026184082,0.042581602931022644,0.3958161771297455,0.8399999737739563,11.720926284790039,0.042581602931022644,2,0.6595,0.030000000000000027
23050,0,44.02840042114258,0.042480334639549255,0.39660894870758057,0.8374999761581421,11.91627311706543,0.042480334639549255,2,0.661,0.02849999999999997
23100,0,43.95840072631836,0.041733574122190475,0.3934212028980255,0.8364999890327454,12.607205390930176,0.041733574122190475,2,0.6645,0.025000000000000022
23150,0,43.64495849609375,0.04218163341283798,0.39264392852783203,0.8324999809265137,13.05199909210205,0.04218163341283798,2,0.6575,0.03200000000000003
23200,0,43.53352737426758,0.04129600152373314,0.3912849426269531,0.8335000276565552,13.289083480834961,0.04129600152373314,2,0.6595,0.030000000000000027
23250,0,43.59929656982422,0.041143666952848434,0.39062485098838806,0.8309999704360962,14.200157165527344,0.041143666952848434,2,0.662,0.02749999999999997
23300,0,43.354190826416016,0.041437238454818726,0.3904106318950653,0.8289999961853027,14.152511596679688,0.041437238454818726,2,0.6575,0.03200000000000003
23350,0,43.617454528808594,0.04077007994055748,0.3882787823677063,0.8324999809265137,15.333002090454102,0.04077007994055748,2,0.658,0.03149999999999997
23400,0,43.613975524902344,0.040828995406627655,0.38824763894081116,0.8295000195503235,15.332677841186523,0.040828995406627655,2,0.6575,0.03200000000000003
23450,0,43.50474548339844,0.04085524380207062,0.38589775562286377,0.8274999856948853,16.579490661621094,0.04085524380207062,2,0.661,0.02849999999999997
23500,0,43.788795471191406,0.04117697849869728,0.3869786858558655,0.8299999833106995,16.748821258544922,0.04117697849869728,2,0.66,0.02949999999999997
23550,0,43.710205078125,0.04051453620195389,0.38575831055641174,0.8309999704360962,17.979843139648438,0.04051453620195389,2,0.6555,0.03400000000000003
23600,0,43.796417236328125,0.04081491380929947,0.38556966185569763,0.8335000276565552,18.24349594116211,0.04081491380929947,2,0.659,0.03049999999999997
23650,0,43.669334411621094,0.04038994014263153,0.385944128036499,0.8295000195503235,18.929542541503906,0.04038994014263153,2,0.6615,0.028000000000000025
2,0,43.476112365722656,0.04098609834909439,0.38802647590637207,0.8259999752044678,18.76047134399414,0.04098609834909439,2,,
2,1,76.77156829833984,0.1256837397813797,0.44580262899398804,0.6765000224113464,,,2,,
2,2,56.900657653808594,0.054422467947006226,0.35337620973587036,0.7210000157356262,,,2,,
23700,0,56.80704879760742,0.052632857114076614,0.4343668520450592,0.7904999852180481,69.71963500976562,0.052632857114076614,3,0.6155,0.07399999999999995
23750,0,113.8287582397461,0.07975906133651733,0.5297369956970215,0.36649999022483826,285.5514221191406,0.07975906133651733,3,0.26,0.4295
23800,0,80.59624481201172,0.10994822531938553,0.5202233195304871,0.4715000092983246,96.47052001953125,0.10994822531938553,3,0.4275,0.262
23850,0,86.26718139648438,0.07778756320476532,0.48015159368515015,0.6069999933242798,83.57408905029297,0.07778756320476532,3,0.471,0.21850000000000003
23900,0,80.74140930175781,0.08840349316596985,0.5104414224624634,0.5554999709129333,105.96412658691406,0.08840349316596985,3,0.4365,0.253
23950,0,85.7463150024414,0.06449268013238907,0.47359663248062134,0.6359999775886536,83.57158660888672,0.06449268013238907,3,0.4835,0.20600000000000002
24000,0,71.37872314453125,0.06643494218587875,0.44827383756637573,0.6359999775886536,56.71141815185547,0.06643494218587875,3,0.5455,0.14400000000000002
24050,0,78.93557739257812,0.07400644570589066,0.4446091055870056,0.6600000262260437,84.49857330322266,0.07400644570589066,3,0.481,0.20850000000000002
24100,0,60.29576873779297,0.06449181586503983,0.44239330291748047,0.7179999947547913,45.343807220458984,0.06449181586503983,3,0.5705,0.119
24150,0,77.91432189941406,0.07058335095643997,0.43652158975601196,0.6865000128746033,60.37469482421875,0.07058335095643997,3,0.5485,0.14100000000000001
24200,0,62.76909255981445,0.07422617822885513,0.43439993262290955,0.684499979019165,59.95720291137695,0.07422617822885513,3,0.526,0.16349999999999998
24250,0,65.96085357666016,0.07862509042024612,0.453357994556427,0.5899999737739563,58.2718391418457,0.07862509042024612,3,0.5015,0.18800000000000006
24300,0,55.43074417114258,0.05727296695113182,0.4126970171928406,0.7555000185966492,42.501956939697266,0.05727296695113182,3,0.6055,0.08399999999999996
24350,0,70.01319885253906,0.06784247606992722,0.44078952074050903,0.6345000267028809,74.79403686523438,0.06784247606992722,3,0.491,0.1985
24400,0,69.20964050292969,0.07476595044136047,0.45206037163734436,0.6480000019073486,59.525390625,0.07476595044136047,3,0.545,0.14449999999999996
24450,0,59.89326858520508,0.06119474023580551,0.418121337890625,0.6894999742507935,52.65360641479492,0.06119474023580551,3,0.5455,0.14400000000000002
24500,0,65.46055603027344,0.06960706412792206,0.45542091131210327,0.7254999876022339,43.16573715209961,0.06960706412792206,3,0.5855,0.10399999999999998
24550,0,66.78218078613281,0.06300434470176697,0.4196907579898834,0.6460000276565552,58.97687911987305,0.06300434470176697,3,0.5425,0.14700000000000002
24600,0,69.19747161865234,0.06607815623283386,0.42808642983436584,0.75,38.42084503173828,0.06607815623283386,3,0.593,0.09650000000000003
24650,0,70.28370666503906,0.06432681530714035,0.42591166496276855,0.6869999766349792,67.3408432006836,0.06432681530714035,3,0.5525,0.137
24700,0,66.12681579589844,0.07899978756904602,0.440387099981308,0.7584999799728394,37.65093231201172,0.07899978756904602,3,0.6075,0.08199999999999996
24750,0,70.16447448730469,0.07770650833845139,0.4679478704929352,0.6694999933242798,71.52934265136719,0.07770650833845139,3,0.527,0.16249999999999998
24800,0,57.17341232299805,0.06289390474557877,0.4229835867881775,0.7515000104904175,31.133493423461914,0.06289390474557877,3,0.596,0.09350000000000003
24850,0,66.73594665527344,0.06484216451644897,0.43527230620384216,0.6700000166893005,49.10232162475586,0.06484216451644897,3,0.544,0.14549999999999996
24900,0,60.597023010253906,0.0697912648320198,0.42074570059776306,0.7269999980926514,40.260841369628906,0.0697912648320198,3,0.587,0.10250000000000004
24950,0,72.16633605957031,0.07691182941198349,0.4681125581264496,0.590499997138977,66.44456481933594,0.07691182941198349,3,0.498,0.1915
25000,0,67.74205017089844,0.07150974869728088,0.4241371750831604,0.7129999995231628,35.355491638183594,0.07150974869728088,3,0.5905,0.09899999999999998
25050,0,59.120330810546875,0.06422799080610275,0.4197555184364319,0.7455000281333923,37.125274658203125,0.06422799080610275,3,0.594,0.09550000000000003
25100,0,55.99175262451172,0.06474711000919342,0.4244634509086609,0.7664999961853027,33.06657409667969,0.06474711000919342,3,0.609,0.08050000000000002
25150,0,65.08720397949219,0.06648965924978256,0.435272216796875,0.6430000066757202,57.440223693847656,0.06648965924978256,3,0.5395,0.15000000000000002
25200,0,63.133453369140625,0.06707873940467834,0.4202430844306946,0.7689999938011169,37.49232864379883,0.06707873940467834,3,0.6,0.08950000000000002
25250,0,67.01312255859375,0.063716821372509,0.43389302492141724,0.6819999814033508,48.530426025390625,0.063716821372509,3,0.567,0.12250000000000005
25300,0,63.64399337768555,0.06335954368114471,0.41392889618873596,0.7379999756813049,46.48076248168945,0.06335954368114471,3,0.5655,0.124
25350,0,69.7185287475586,0.06057068705558777,0.4384588301181793,0.6504999995231628,90.77734375,0.06057068705558777,3,0.526,0.16349999999999998
25400,0,60.260337829589844,0.07123426347970963,0.4301784038543701,0.7429999709129333,39.42877960205078,0.07123426347970963,3,0.5775,0.11199999999999999
25450,0,59.02330780029297,0.06684590876102448,0.4304676949977875,0.7285000085830688,42.78885269165039,0.06684590876102448,3,0.579,0.11050000000000004
25500,0,58.744178771972656,0.059686411172151566,0.4251113831996918,0.7555000185966492,31.764537811279297,0.059686411172151566,3,0.6035,0.08599999999999997
25550,0,56.65861129760742,0.05782889202237129,0.4194694459438324,0.7394999861717224,54.4052848815918,0.05782889202237129,3,0.5955,0.09399999999999997
25600,0,53.577064514160156,0.061631057411432266,0.42018407583236694,0.75,33.881282806396484,0.061631057411432266,3,0.6165,0.07299999999999995
25650,0,57.224578857421875,0.058348458260297775,0.42606306076049805,0.7289999723434448,39.64180374145508,0.058348458260297775,3,0.604,0.08550000000000002
25700,0,57.7795295715332,0.06675329059362411,0.41882580518722534,0.7269999980926514,41.92995071411133,0.06675329059362411,3,0.565,0.12450000000000006
25750,0,56.17621994018555,0.06312903016805649,0.4183290898799896,0.718999981880188,38.15449905395508,0.06312903016805649,3,0.5765,0.11299999999999999
25800,0,60.885009765625,0.06088391691446304,0.4236099123954773,0.75,41.021751403808594,0.06088391691446304,3,0.583,0.10650000000000004
25850,0,56.70405197143555,0.05492363125085831,0.43410414457321167,0.7300000190734863,47.06466293334961,0.05492363125085831,3,0.582,0.10750000000000004
25900,0,56.716041564941406,0.05673937499523163,0.42401307821273804,0.746999979019165,38.17974853515625,0.05673937499523163,3,0.598,0.09150000000000003
25950,0,57.16691207885742,0.06368391960859299,0.4263034760951996,0.7235000133514404,42.28065872192383,0.06368391960859299,3,0.578,0.11150000000000004
26000,0,52.66569137573242,0.060379963368177414,0.41545557975769043,0.765999972820282,34.98299789428711,0.060379963368177414,3,0.621,0.0685
26050,0,54.674156188964844,0.07180672883987427,0.43801504373550415,0.7494999766349792,38.87386703491211,0.07180672883987427,3,0.5995,0.08999999999999997
26100,0,56.071815490722656,0.06521324068307877,0.42977651953697205,0.777999997138977,29.73602867126465,0.06521324068307877,3,0.6105,0.07899999999999996
26150,0,53.769020080566406,0.058208364993333817,0.42355817556381226,0.7444999814033508,34.345489501953125,0.058208364993333817,3,0.6025,0.08699999999999997
26200,0,57.40449142456055,0.06292802095413208,0.4170958995819092,0.7409999966621399,31.890613555908203,0.06292802095413208,3,0.6015,0.08799999999999997
26250,0,55.153907775878906,0.06095919385552406,0.4127013087272644,0.7749999761581421,34.255252838134766,0.06095919385552406,3,0.614,0.07550000000000001
26300,0,62.51639938354492,0.06361942738294601,0.42687803506851196,0.7310000061988831,34.716819763183594,0.06361942738294601,3,0.585,0.10450000000000004
26350,0,57.87717819213867,0.06214166805148125,0.43867868185043335,0.6859999895095825,48.21539306640625,0.06214166805148125,3,0.5715,0.118
26400,0,59.7706298828125,0.06645483523607254,0.4293982982635498,0.7605000138282776,29.605022430419922,0.06645483523607254,3,0.599,0.09050000000000002
26450,0,54.13014602661133,0.06379728019237518,0.4394225478172302,0.7009999752044678,45.96919631958008,0.06379728019237518,3,0.561,0.12849999999999995
26500,0,53.977684020996094,0.06323526054620743,0.42060938477516174,0.7670000195503235,27.710651397705078,0.06323526054620743,3,0.5965,0.09299999999999997
26550,0,57.00068283081055,0.06025147810578346,0.41637006402015686,0.7260000109672546,40.028133392333984,0.06025147810578346,3,0.5675,0.122
26600,0,64.53324127197266,0.07021786272525787,0.4348922669887543,0.7509999871253967,34.12717819213867,0.07021786272525787,3,0.5875,0.10199999999999998
26650,0,61.06804275512695,0.06708353757858276,0.43378108739852905,0.7024999856948853,50.391685485839844,0.06708353757858276,3,0.5595,0.13
26700,0,53.8292236328125,0.06300487369298935,0.42286691069602966,0.8059999942779541,26.920557022094727,0.06300487369298935,3,0.616,0.07350000000000001
26750,0,55.042869567871094,0.0691913440823555,0.4354496896266937,0.7149999737739563,40.56208801269531,0.0691913440823555,3,0.577,0.11250000000000004
26800,0,53.34337615966797,0.06137163192033768,0.4072282910346985,0.7925000190734863,27.484066009521484,0.06137163192033768,3,0.628,0.0615
26850,0,55.242652893066406,0.06079219654202461,0.4181079864501953,0.7429999709129333,42.372520446777344,0.06079219654202461,3,0.596,0.09350000000000003
26900,0,54.304466247558594,0.059919144958257675,0.41817528009414673,0.7854999899864197,25.800342559814453,0.059919144958257675,3,0.6155,0.07399999999999995
26950,0,49.75499725341797,0.05133022367954254,0.41074371337890625,0.7680000066757202,33.19280242919922,0.05133022367954254,3,0.613,0.07650000000000001
27000,0,50.91130828857422,0.054410357028245926,0.4178103506565094,0.7795000076293945,26.19076919555664,0.054410357028245926,3,0.624,0.0655
27050,0,54.26203536987305,0.05131571739912033,0.4022296965122223,0.7699999809265137,34.638668060302734,0.05131571739912033,3,0.62,0.0695
27100,0,50.57221603393555,0.05328204110264778,0.4026951193809509,0.7699999809265137,33.7011833190918,0.05328204110264778,3,0.6095,0.07999999999999996
27150,0,53.94636154174805,0.0569540411233902,0.4184858202934265,0.7720000147819519,32.38023376464844,0.0569540411233902,3,0.605,0.08450000000000002
27200,0,51.4051399230957,0.05771918594837189,0.41583114862442017,0.7960000038146973,23.123180389404297,0.05771918594837189,3,0.636,0.05349999999999999
27250,0,57.754127502441406,0.0564485602080822,0.41944074630737305,0.777999997138977,34.484458923339844,0.0564485602080822,3,0.5915,0.09799999999999998
27300,0,52.24357223510742,0.057749852538108826,0.4213709831237793,0.7785000205039978,25.04468536376953,0.057749852538108826,3,0.6215,0.06799999999999995
27350,0,50.89826583862305,0.06595849990844727,0.4316023886203766,0.7605000138282776,28.895904541015625,0.06595849990844727,3,0.6005,0.08899999999999997
27400,0,53.81132888793945,0.06127814203500748,0.4139292240142822,0.7889999747276306,28.315753936767578,0.06127814203500748,3,0.6165,0.07299999999999995
27450,0,58.860130310058594,0.06464684009552002,0.42894667387008667,0.7559999823570251,35.3538703918457,0.06464684009552002,3,0.5995,0.08999999999999997
27500,0,56.84354782104492,0.061878565698862076,0.41823476552963257,0.7590000033378601,29.243762969970703,0.061878565698862076,3,0.589,0.10050000000000003
27550,0,54.09296417236328,0.051448289304971695,0.4087393879890442,0.7774999737739563,33.83842468261719,0.051448289304971695,3,0.5895,0.09999999999999998
27600,0,55.913230895996094,0.0606214739382267,0.42858409881591797,0.7285000085830688,31.33406639099121,0.0606214739382267,3,0.581,0.10850000000000004
27650,0,53.209449768066406,0.057319022715091705,0.4194200038909912,0.7954999804496765,27.253320693969727,0.057319022715091705,3,0.612,0.07750000000000001
27700,0,53.42236328125,0.059773363173007965,0.4222281575202942,0.7914999723434448,21.373607635498047,0.059773363173007965,3,0.619,0.07050000000000001
27750,0,50.09995651245117,0.058207686990499496,0.4101889729499817,0.7605000138282776,29.311105728149414,0.058207686990499496,3,0.6,0.08950000000000002
27800,0,51.01187515258789,0.05887665972113609,0.41731828451156616,0.7894999980926514,23.651517868041992,0.05887665972113609,3,0.616,0.07350000000000001
27850,0,49.42559814453125,0.05073525384068489,0.4113631248474121,0.7774999737739563,24.31174659729004,0.05073525384068489,3,0.6215,0.06799999999999995
27900,0,51.853546142578125,0.05314130336046219,0.40582984685897827,0.8105000257492065,24.26652717590332,0.05314130336046219,3,0.625,0.0645
27950,0,49.81509017944336,0.05763180926442146,0.41471487283706665,0.7940000295639038,23.071136474609375,0.05763180926442146,3,0.6195,0.06999999999999995
28000,0,48.54433822631836,0.050038788467645645,0.4055864214897156,0.8100000023841858,20.726089477539062,0.050038788467645645,3,0.634,0.055499999999999994
28050,0,51.38330841064453,0.06023435667157173,0.4247775971889496,0.8015000224113464,25.926288604736328,0.06023435667157173,3,0.6045,0.08499999999999996
28100,0,54.5946044921875,0.05430563911795616,0.4073091447353363,0.7889999747276306,22.5742130279541,0.05430563911795616,3,0.622,0.0675
28150,0,53.70447540283203,0.05277562513947487,0.4148068428039551,0.8050000071525574,26.62845230102539,0.05277562513947487,3,0.6305,0.05900000000000005
28200,0,48.48027420043945,0.05610321834683418,0.41121941804885864,0.8084999918937683,23.558895111083984,0.05610321834683418,3,0.6305,0.05900000000000005
28250,0,49.0888557434082,0.054240286350250244,0.4055960774421692,0.800000011920929,23.080894470214844,0.054240286350250244,3,0.6185,0.07099999999999995
28300,0,53.13191604614258,0.05496429651975632,0.4082786440849304,0.8009999990463257,27.718948364257812,0.05496429651975632,3,0.6125,0.07699999999999996
28350,0,52.014137268066406,0.05660906434059143,0.4074021279811859,0.8019999861717224,20.188377380371094,0.05660906434059143,3,0.6185,0.07099999999999995
28400,0,48.77404022216797,0.053973931819200516,0.41396626830101013,0.8090000152587891,23.074731826782227,0.053973931819200516,3,0.626,0.0635
28450,0,51.647377014160156,0.055509671568870544,0.4147074818611145,0.7979999780654907,19.932308197021484,0.055509671568870544,3,0.624,0.0655
28500,0,50.65693283081055,0.05357745289802551,0.4078059792518616,0.7990000247955322,23.64764404296875,0.05357745289802551,3,0.6245,0.06499999999999995
28550,0,49.63631820678711,0.05518341064453125,0.41565340757369995,0.762499988079071,24.143856048583984,0.05518341064453125,3,0.6205,0.06899999999999995
28600,0,48.279502868652344,0.04905526340007782,0.405770480632782,0.8065000176429749,23.516510009765625,0.04905526340007782,3,0.6175,0.07199999999999995
28650,0,48.630149841308594,0.057264603674411774,0.415987491607666,0.8029999732971191,19.893075942993164,0.057264603674411774,3,0.62,0.0695
28700,0,49.56547927856445,0.05173772946000099,0.4080740809440613,0.8034999966621399,19.19149398803711,0.05173772946000099,3,0.6355,0.05400000000000005
28750,0,50.243473052978516,0.05524887889623642,0.414349228143692,0.8180000185966492,19.20643424987793,0.05524887889623642,3,0.631,0.058499999999999996
28800,0,47.658302307128906,0.05296895280480385,0.4111250936985016,0.8140000104904175,16.796449661254883,0.05296895280480385,3,0.642,0.04749999999999999
28850,0,50.81560134887695,0.054793454706668854,0.4060078263282776,0.7935000061988831,21.36100196838379,0.054793454706668854,3,0.627,0.0625
28900,0,52.534812927246094,0.053183674812316895,0.4112246036529541,0.8125,16.4872989654541,0.053183674812316895,3,0.6265,0.06300000000000006
28950,0,50.27076721191406,0.05164939537644386,0.4144735336303711,0.809499979019165,18.034433364868164,0.05164939537644386,3,0.638,0.05149999999999999
29000,0,50.382301330566406,0.052980657666921616,0.4080314636230469,0.7985000014305115,20.548137664794922,0.052980657666921616,3,0.6305,0.05900000000000005
29050,0,48.83733367919922,0.049272455275058746,0.4052335321903229,0.8264999985694885,17.698184967041016,0.049272455275058746,3,0.632,0.057499999999999996
29100,0,48.1431884765625,0.05108022317290306,0.4057980477809906,0.8130000233650208,18.053268432617188,0.05108022317290306,3,0.6385,0.051000000000000045
29150,0,50.515079498291016,0.04816483333706856,0.40302562713623047,0.8050000071525574,22.80832862854004,0.04816483333706856,3,0.6285,0.061000000000000054
29200,0,49.158538818359375,0.04954732954502106,0.4057716727256775,0.8240000009536743,17.020370483398438,0.04954732954502106,3,0.6325,0.05700000000000005
29250,0,49.00929641723633,0.05050032585859299,0.4081505835056305,0.8180000185966492,18.184656143188477,0.05050032585859299,3,0.6315,0.05800000000000005
29300,0,49.664405822753906,0.054122135043144226,0.40832406282424927,0.8149999976158142,16.053485870361328,0.054122135043144226,3,0.6405,0.049000000000000044
29350,0,48.21103286743164,0.05209814012050629,0.40739601850509644,0.8199999928474426,16.968530654907227,0.05209814012050629,3,0.6235,0.06599999999999995
29400,0,48.76298904418945,0.05199389159679413,0.40884929895401,0.8264999985694885,15.415240287780762,0.05199389159679413,3,0.6415,0.04800000000000004
29450,0,47.91701126098633,0.048425037413835526,0.40064969658851624,0.8180000185966492,19.290353775024414,0.048425037413835526,3,0.638,0.05149999999999999
29500,0,50.704734802246094,0.051784198731184006,0.4057733118534088,0.8199999928474426,16.562252044677734,0.051784198731184006,3,0.636,0.05349999999999999
29550,0,50.0927619934082,0.050900377333164215,0.4124508500099182,0.8360000252723694,17.340551376342773,0.050900377333164215,3,0.6285,0.061000000000000054
29600,0,47.83732223510742,0.05014830455183983,0.40464329719543457,0.8330000042915344,15.14831256866455,0.05014830455183983,3,0.6435,0.04600000000000004
29650,0,50.35584259033203,0.05149942636489868,0.4055818021297455,0.8259999752044678,16.356325149536133,0.05149942636489868,3,0.638,0.05149999999999999
29700,0,48.874168395996094,0.05181257426738739,0.4103579521179199,0.8234999775886536,16.019189834594727,0.05181257426738739,3,0.634,0.055499999999999994
29750,0,46.28925704956055,0.049474965780973434,0.4016643464565277,0.8159999847412109,16.11390495300293,0.049474965780973434,3,0.6385,0.051000000000000045
29800,0,47.712249755859375,0.050405051559209824,0.40300798416137695,0.8199999928474426,15.356605529785156,0.050405051559209824,3,0.6355,0.05400000000000005
29850,0,46.85831832885742,0.04916726052761078,0.40417489409446716,0.8374999761581421,14.136927604675293,0.04916726052761078,3,0.642,0.04749999999999999
29900,0,48.47975158691406,0.049369245767593384,0.40564703941345215,0.8069999814033508,16.88741683959961,0.049369245767593384,3,0.637,0.05249999999999999
29950,0,48.450828552246094,0.0499262660741806,0.40099388360977173,0.824999988079071,16.029449462890625,0.0499262660741806,3,0.638,0.05149999999999999
30000,0,47.571250915527344,0.048991452902555466,0.405566543340683,0.8295000195503235,14.256192207336426,0.048991452902555466,3,0.639,0.05049999999999999
30050,0,46.50827407836914,0.047722525894641876,0.40254801511764526,0.8245000243186951,14.95977783203125,0.047722525894641876,3,0.6485,0.041000000000000036
30100,0,47.550559997558594,0.04707208275794983,0.4008009433746338,0.8320000171661377,13.413528442382812,0.04707208275794983,3,0.645,0.044499999999999984
30150,0,48.5622444152832,0.048455409705638885,0.40411558747291565,0.8259999752044678,14.904571533203125,0.048455409705638885,3,0.642,0.04749999999999999
30200,0,48.71809387207031,0.04866042360663414,0.40256232023239136,0.8255000114440918,14.525178909301758,0.04866042360663414,3,0.6415,0.04800000000000004
30250,0,47.65420150756836,0.05049210041761398,0.40696874260902405,0.8215000033378601,13.585881233215332,0.05049210041761398,3,0.641,0.04849999999999999
30300,0,48.246490478515625,0.049061212688684464,0.4032413959503174,0.8215000033378601,13.230502128601074,0.049061212688684464,3,0.6435,0.04600000000000004
30350,0,48.23594284057617,0.05065572261810303,0.4030994772911072,0.8364999890327454,13.667963027954102,0.05065572261810303,3,0.647,0.04249999999999998
30400,0,47.64509963989258,0.04825612157583237,0.3997282087802887,0.8205000162124634,14.382089614868164,0.04825612157583237,3,0.638,0.05149999999999999
30450,0,48.36345672607422,0.04773161932826042,0.4023377001285553,0.8180000185966492,14.009531021118164,0.04773161932826042,3,0.646,0.04349999999999998
30500,0,47.848228454589844,0.04916981980204582,0.4034753441810608,0.8309999704360962,14.166603088378906,0.04916981980204582,3,0.6425,0.04700000000000004
30550,0,48.63674545288086,0.05036873742938042,0.4037836492061615,0.8195000290870667,14.626466751098633,0.05036873742938042,3,0.6445,0.04500000000000004
30600,0,47.70673370361328,0.049421876668930054,0.40296921133995056,0.8264999985694885,13.160730361938477,0.049421876668930054,3,0.646,0.04349999999999998
30650,0,48.17815399169922,0.04784504324197769,0.3996802568435669,0.824999988079071,13.490089416503906,0.04784504324197769,3,0.6425,0.04700000000000004
30700,0,47.87635040283203,0.04820534214377403,0.40211501717567444,0.8305000066757202,13.443489074707031,0.04820534214377403,3,0.6445,0.04500000000000004
30750,0,47.80235290527344,0.04789477214217186,0.398642361164093,0.8309999704360962,13.798402786254883,0.04789477214217186,3,0.643,0.046499999999999986
30800,0,48.023658752441406,0.047790613025426865,0.39949169754981995,0.8289999961853027,12.8326997756958,0.047790613025426865,3,0.6445,0.04500000000000004
30850,0,48.2703742980957,0.04791732132434845,0.39608582854270935,0.8320000171661377,13.987907409667969,0.04791732132434845,3,0.6475,0.04200000000000004
30900,0,47.74913787841797,0.04775911569595337,0.39735084772109985,0.828000009059906,13.369738578796387,0.04775911569595337,3,0.646,0.04349999999999998
30950,0,47.13972091674805,0.04536101594567299,0.3868119418621063,0.8215000033378601,17.45868492126465,0.04536101594567299,3,0.6455,0.04400000000000004
31000,0,47.93608856201172,0.04731106385588646,0.39433005452156067,0.824999988079071,14.255350112915039,0.04731106385588646,3,0.6475,0.04200000000000004
31050,0,47.95022201538086,0.047335412353277206,0.3930050730705261,0.824999988079071,14.720224380493164,0.047335412353277206,3,0.6465,0.04300000000000004
31100,0,47.32025146484375,0.047215577214956284,0.39226382970809937,0.8224999904632568,14.63207721710205,0.047215577214956284,3,0.652,0.03749999999999998
31150,0,47.45056915283203,0.04673920199275017,0.38814055919647217,0.8299999833106995,15.566587448120117,0.04673920199275017,3,0.6485,0.041000000000000036
31200,0,46.85906982421875,0.04626402631402016,0.3859449625015259,0.8245000243186951,16.615028381347656,0.04626402631402016,3,0.652,0.03749999999999998
31250,0,46.42707824707031,0.045993268489837646,0.3841877579689026,0.8195000290870667,17.32010841369629,0.045993268489837646,3,0.649,0.04049999999999998
31300,0,46.28672790527344,0.04519353806972504,0.3799828290939331,0.8195000290870667,19.653921127319336,0.04519353806972504,3,0.6515,0.038000000000000034
31350,0,45.982810974121094,0.045098938047885895,0.37990039587020874,0.8174999952316284,19.989105224609375,0.045098938047885895,3,0.654,0.035499999999999976
31400,0,45.79700469970703,0.04441527649760246,0.3783157467842102,0.8190000057220459,20.99306869506836,0.04441527649760246,3,0.6525,0.03700000000000003
31450,0,45.95737075805664,0.04431005194783211,0.3751325011253357,0.8130000233650208,23.318775177001953,0.04431005194783211,3,0.655,0.034499999999999975
31500,0,46.111995697021484,0.04390522465109825,0.37579208612442017,0.8119999766349792,23.642854690551758,0.04390522465109825,3,0.657,0.03249999999999997
31550,0,46.20096969604492,0.04385962337255478,0.37303391098976135,0.8125,24.474380493164062,0.04385962337255478,3,0.6555,0.03400000000000003
3,0,46.13233184814453,0.04341394454240799,0.3755480647087097,0.8054999709129333,24.988025665283203,0.04341394454240799,3,,
3,1,76.17107391357422,0.11459006369113922,0.4182156026363373,0.6899999976158142,,,3,,
3,2,59.652801513671875,0.058783821761608124,0.3887680172920227,0.715499997138977,,,3,,
3,3,53.92817306518555,0.07067493349313736,0.3523837625980377,0.7200000286102295,,,3,,
31600,0,67.55403900146484,0.06696757674217224,0.5100361108779907,0.6054999828338623,171.3539276123047,0.06696757674217224,4,0.4915,0.198
31650,0,94.50304412841797,0.12172290682792664,0.6204692721366882,0.40299999713897705,229.33114624023438,0.12172290682792664,4,0.3525,0.337
31700,0,69.09284210205078,0.06340326368808746,0.5165644884109497,0.6014999747276306,124.748291015625,0.06340326368808746,4,0.523,0.16649999999999998
31750,0,94.58080291748047,0.0875585675239563,0.5190163850784302,0.6019999980926514,138.7698516845703,0.0875585675239563,4,0.4775,0.21200000000000002
31800,0,82.23582458496094,0.08285567909479141,0.5056878924369812,0.5569999814033508,114.50205993652344,0.08285567909479141,4,0.4625,0.22699999999999998
31850,0,83.64732360839844,0.09354010969400406,0.4992314279079437,0.5649999976158142,95.57872009277344,0.09354010969400406,4,0.488,0.2015
31900,0,79.92129516601562,0.10082334280014038,0.48686784505844116,0.6205000281333923,92.53214263916016,0.10082334280014038,4,0.489,0.2005
31950,0,87.44981384277344,0.08343227207660675,0.5065087676048279,0.5895000100135803,123.33665466308594,0.08343227207660675,4,0.4315,0.258
32000,0,72.74488830566406,0.08821909874677658,0.49632468819618225,0.6399999856948853,84.81839752197266,0.08821909874677658,4,0.5205,0.16900000000000004
32050,0,82.60957336425781,0.10228364914655685,0.4758249819278717,0.5640000104904175,112.33203125,0.10228364914655685,4,0.4545,0.235
32100,0,75.93881225585938,0.08649744093418121,0.46192631125450134,0.6980000138282776,93.35494232177734,0.08649744093418121,4,0.533,0.15649999999999997
32150,0,68.58595275878906,0.07759173214435577,0.4688660204410553,0.6079999804496765,90.78490447998047,0.07759173214435577,4,0.4765,0.21300000000000002
32200,0,78.07901000976562,0.07500163465738297,0.4488743245601654,0.718999981880188,79.68797302246094,0.07500163465738297,4,0.536,0.15349999999999997
32250,0,76.04878997802734,0.08941075950860977,0.473327100276947,0.637499988079071,81.95103454589844,0.08941075950860977,4,0.512,0.1775
32300,0,90.09907531738281,0.08575041592121124,0.470706045627594,0.6549999713897705,72.79716491699219,0.08575041592121124,4,0.509,0.1805
32350,0,81.31818389892578,0.09873691201210022,0.5039011836051941,0.5644999742507935,138.8223419189453,0.09873691201210022,4,0.49,0.1995
32400,0,71.18588256835938,0.0737975537776947,0.4654805660247803,0.659500002861023,74.60685729980469,0.0737975537776947,4,0.5385,0.15100000000000002
32450,0,72.60748291015625,0.1021667867898941,0.4903479516506195,0.6299999952316284,85.81314849853516,0.1021667867898941,4,0.4765,0.21300000000000002
32500,0,75.94454193115234,0.09457941353321075,0.4720776081085205,0.6474999785423279,69.97933959960938,0.09457941353321075,4,0.504,0.1855
32550,0,78.63789367675781,0.07461373507976532,0.4653928279876709,0.6890000104904175,79.89225006103516,0.07461373507976532,4,0.536,0.15349999999999997
32600,0,71.93045806884766,0.07648289203643799,0.4389003813266754,0.671999990940094,71.4095687866211,0.07648289203643799,4,0.535,0.15449999999999997
32650,0,84.412353515625,0.10037893056869507,0.5015608072280884,0.656499981880188,92.87456512451172,0.10037893056869507,4,0.469,0.22050000000000003
32700,0,69.96369171142578,0.08800160139799118,0.45709148049354553,0.6965000033378601,77.99839782714844,0.08800160139799118,4,0.5405,0.14900000000000002
32750,0,65.27354431152344,0.08016951382160187,0.454694926738739,0.6669999957084656,82.48139953613281,0.08016951382160187,4,0.5335,0.15600000000000003
32800,0,79.40205383300781,0.10138655453920364,0.4978106617927551,0.6510000228881836,73.18974304199219,0.10138655453920364,4,0.511,0.1785
32850,0,72.7464599609375,0.07467633485794067,0.44897714257240295,0.6115000247955322,93.519287109375,0.07467633485794067,4,0.506,0.1835
32900,0,74.55160522460938,0.07657743990421295,0.4584906995296478,0.6809999942779541,58.58238983154297,0.07657743990421295,4,0.5265,0.16300000000000003
32950,0,73.95501708984375,0.08885084092617035,0.48316970467567444,0.6710000038146973,66.8727035522461,0.08885084092617035,4,0.536,0.15349999999999997
33000,0,71.71615600585938,0.08414357900619507,0.47230395674705505,0.7049999833106995,53.19109344482422,0.08414357900619507,4,0.5465,0.14300000000000002
33050,0,71.73722076416016,0.07686696201562881,0.45948323607444763,0.6294999718666077,77.62590789794922,0.07686696201562881,4,0.5125,0.17700000000000005
33100,0,72.46455383300781,0.07835859060287476,0.47782906889915466,0.6604999899864197,60.67296600341797,0.07835859060287476,4,0.521,0.16849999999999998
33150,0,66.97108459472656,0.0800304040312767,0.4572238028049469,0.7070000171661377,67.82182312011719,0.0800304040312767,4,0.5445,0.14500000000000002
33200,0,69.02153015136719,0.09256981313228607,0.4812503755092621,0.6729999780654907,56.925514221191406,0.09256981313228607,4,0.5185,0.17100000000000004
33250,0,75.52740478515625,0.08607731014490128,0.4710550308227539,0.6159999966621399,77.77521514892578,0.08607731014490128,4,0.491,0.1985
33300,0,66.41963195800781,0.07219607383012772,0.4361979067325592,0.7505000233650208,50.55341720581055,0.07219607383012772,4,0.5655,0.124
33350,0,74.60811614990234,0.08637722581624985,0.4920359253883362,0.6549999713897705,72.59374237060547,0.08637722581624985,4,0.4915,0.198
33400,0,71.82112121582031,0.08541788905858994,0.4795091152191162,0.6945000290870667,58.36188507080078,0.08541788905858994,4,0.547,0.14249999999999996
33450,0,69.6421127319336,0.07334082573652267,0.4510790705680847,0.6445000171661377,62.97943115234375,0.07334082573652267,4,0.517,0.1725
33500,0,71.8600082397461,0.07858718186616898,0.46541666984558105,0.6834999918937683,52.36509323120117,0.07858718186616898,4,0.5325,0.15700000000000003
33550,0,73.1745376586914,0.07688101381063461,0.4639450013637543,0.6524999737739563,63.82918167114258,0.07688101381063461,4,0.5285,0.16100000000000003
33600,0,63.574546813964844,0.0841180607676506,0.4580973982810974,0.7455000281333923,50.959224700927734,0.0841180607676506,4,0.557,0.13249999999999995
33650,0,75.40129089355469,0.0807976946234703,0.4576004147529602,0.6850000023841858,62.2674674987793,0.0807976946234703,4,0.512,0.1775
33700,0,63.79978561401367,0.0699767917394638,0.4496258795261383,0.7120000123977661,51.10543441772461,0.0699767917394638,4,0.5485,0.14100000000000001
33750,0,73.59441375732422,0.08021347969770432,0.48860272765159607,0.5715000033378601,80.16612243652344,0.08021347969770432,4,0.468,0.22149999999999997
33800,0,59.389671325683594,0.06907573342323303,0.4496347904205322,0.7135000228881836,58.13124465942383,0.06907573342323303,4,0.554,0.13549999999999995
33850,0,72.23933410644531,0.07836999744176865,0.4495210647583008,0.6079999804496765,70.7718734741211,0.07836999744176865,4,0.5045,0.18500000000000005
33900,0,64.18931579589844,0.08113498985767365,0.44864052534103394,0.7080000042915344,60.15726852416992,0.08113498985767365,4,0.5525,0.137
33950,0,69.40245819091797,0.0813838467001915,0.4686310291290283,0.7124999761581421,58.951377868652344,0.0813838467001915,4,0.5345,0.15500000000000003
34000,0,64.99270629882812,0.08283326774835587,0.46217745542526245,0.7590000033378601,48.16897964477539,0.08283326774835587,4,0.556,0.13349999999999995
34050,0,72.54395294189453,0.06873320788145065,0.4513527452945709,0.6535000205039978,71.77536010742188,0.06873320788145065,4,0.5055,0.18400000000000005
34100,0,76.5738754272461,0.08148066699504852,0.4935932755470276,0.6179999709129333,57.56898880004883,0.08148066699504852,4,0.5005,0.18900000000000006
34150,0,74.00344848632812,0.09440687298774719,0.5071275234222412,0.7009999752044678,74.54046630859375,0.09440687298774719,4,0.494,0.1955
34200,0,64.80015563964844,0.0717456042766571,0.4436352849006653,0.7680000066757202,47.537384033203125,0.0717456042766571,4,0.582,0.10750000000000004
34250,0,72.7926025390625,0.08246973901987076,0.4982911944389343,0.656499981880188,93.26593780517578,0.08246973901987076,4,0.4955,0.194
34300,0,67.3006591796875,0.07924926280975342,0.4610021710395813,0.6704999804496765,54.67412185668945,0.07924926280975342,4,0.5485,0.14100000000000001
34350,0,73.53963470458984,0.07711129635572433,0.45773449540138245,0.6600000262260437,64.36436462402344,0.07711129635572433,4,0.526,0.16349999999999998
34400,0,63.0489616394043,0.07042376697063446,0.4414747655391693,0.7279999852180481,49.3469123840332,0.07042376697063446,4,0.544,0.14549999999999996
34450,0,62.8782844543457,0.0786537230014801,0.44637879729270935,0.7335000038146973,44.52395248413086,0.0786537230014801,4,0.5865,0.10299999999999998
34500,0,65.77738952636719,0.07079798728227615,0.46720457077026367,0.6840000152587891,51.21233367919922,0.07079798728227615,4,0.547,0.14249999999999996
34550,0,71.78140258789062,0.06654001772403717,0.45985913276672363,0.6710000038146973,64.43653106689453,0.06654001772403717,4,0.532,0.15749999999999997
34600,0,62.402549743652344,0.07030701637268066,0.43146467208862305,0.7559999823570251,37.780269622802734,0.07030701637268066,4,0.5825,0.10699999999999998
34650,0,61.960731506347656,0.07676149904727936,0.46235355734825134,0.7455000281333923,47.6676025390625,0.07676149904727936,4,0.556,0.13349999999999995
34700,0,58.1539306640625,0.07225926965475082,0.43768420815467834,0.7419999837875366,45.20420837402344,0.07225926965475082,4,0.56,0.12949999999999995
34750,0,60.130882263183594,0.08059622347354889,0.4499075412750244,0.7279999852180481,43.39448165893555,0.08059622347354889,4,0.554,0.13549999999999995
34800,0,57.068519592285156,0.07157965749502182,0.46400126814842224,0.7319999933242798,45.93543243408203,0.07157965749502182,4,0.561,0.12849999999999995
34850,0,60.2425537109375,0.07651498913764954,0.4418797492980957,0.7245000004768372,56.616294860839844,0.07651498913764954,4,0.5555,0.134
34900,0,55.891387939453125,0.06590114533901215,0.43765392899513245,0.7310000061988831,38.412357330322266,0.06590114533901215,4,0.571,0.11850000000000005
34950,0,59.759727478027344,0.07298321276903152,0.44300827383995056,0.75,40.540828704833984,0.07298321276903152,4,0.5925,0.09699999999999998
35000,0,62.26970672607422,0.07829617708921432,0.45699748396873474,0.746999979019165,41.56385803222656,0.07829617708921432,4,0.562,0.12749999999999995
35050,0,61.36567306518555,0.07601094245910645,0.4500002861022949,0.7275000214576721,42.705528259277344,0.07601094245910645,4,0.5725,0.11699999999999999
35100,0,57.076026916503906,0.06558740884065628,0.4100424647331238,0.800000011920929,35.497596740722656,0.06558740884065628,4,0.6035,0.08599999999999997
35150,0,64.08689880371094,0.06361285597085953,0.4467530846595764,0.7260000109672546,52.46033477783203,0.06361285597085953,4,0.527,0.16249999999999998
35200,0,58.27695846557617,0.06459452211856842,0.4307927191257477,0.8144999742507935,34.42727279663086,0.06459452211856842,4,0.5965,0.09299999999999997
35250,0,62.515106201171875,0.07612074911594391,0.4477619528770447,0.7204999923706055,39.73598098754883,0.07612074911594391,4,0.5675,0.122
35300,0,55.84661102294922,0.06048744171857834,0.418616384267807,0.8040000200271606,27.891109466552734,0.06048744171857834,4,0.615,0.07450000000000001
35350,0,62.56464385986328,0.061818093061447144,0.4143284261226654,0.7135000228881836,46.94464874267578,0.061818093061447144,4,0.557,0.13249999999999995
35400,0,52.756797790527344,0.06378532201051712,0.41748371720314026,0.7944999933242798,25.843673706054688,0.06378532201051712,4,0.6085,0.08099999999999996
35450,0,58.724365234375,0.06559589505195618,0.43415799736976624,0.7064999938011169,48.824317932128906,0.06559589505195618,4,0.5535,0.136
35500,0,55.78363037109375,0.07040224969387054,0.4459531903266907,0.7455000281333923,38.31944274902344,0.07040224969387054,4,0.573,0.11650000000000005
35550,0,55.846336364746094,0.05757367983460426,0.4251362383365631,0.7615000009536743,43.91535568237305,0.05757367983460426,4,0.579,0.11050000000000004
35600,0,52.39057159423828,0.06273017823696136,0.41730809211730957,0.8119999766349792,28.74892234802246,0.06273017823696136,4,0.61,0.07950000000000002
35650,0,53.23847579956055,0.07041018456220627,0.4319745600223541,0.7595000267028809,35.049583435058594,0.07041018456220627,4,0.6075,0.08199999999999996
35700,0,56.081382751464844,0.06581568717956543,0.43473005294799805,0.8065000176429749,31.41122055053711,0.06581568717956543,4,0.577,0.11250000000000004
35750,0,63.623634338378906,0.0711497962474823,0.4589320123195648,0.7195000052452087,44.145530700683594,0.0711497962474823,4,0.5455,0.14400000000000002
35800,0,53.205665588378906,0.06270760297775269,0.4270595908164978,0.7730000019073486,31.002819061279297,0.06270760297775269,4,0.5795,0.10999999999999999
35850,0,56.94953536987305,0.0656014010310173,0.4319091737270355,0.7609999775886536,40.303550720214844,0.0656014010310173,4,0.5735,0.11599999999999999
35900,0,54.171234130859375,0.0669701099395752,0.42792201042175293,0.7879999876022339,30.063976287841797,0.0669701099395752,4,0.5915,0.09799999999999998
35950,0,55.125694274902344,0.06964533030986786,0.4429861009120941,0.7605000138282776,38.51421356201172,0.06964533030986786,4,0.59,0.09950000000000003
36000,0,52.1890983581543,0.06498098373413086,0.42753323912620544,0.8040000200271606,28.471294403076172,0.06498098373413086,4,0.6135,0.07599999999999996
36050,0,52.88762664794922,0.05723116546869278,0.40685397386550903,0.7574999928474426,33.94744110107422,0.05723116546869278,4,0.5985,0.09099999999999997
36100,0,55.03056716918945,0.06016312539577484,0.4245374798774719,0.7864999771118164,27.6566219329834,0.06016312539577484,4,0.6,0.08950000000000002
36150,0,53.2517204284668,0.06736359745264053,0.4417075514793396,0.7484999895095825,35.5774040222168,0.06736359745264053,4,0.5745,0.11499999999999999
36200,0,52.48870086669922,0.056161344051361084,0.4182514250278473,0.7804999947547913,29.240116119384766,0.056161344051361084,4,0.615,0.07450000000000001
36250,0,52.3157844543457,0.06461002677679062,0.4302205443382263,0.7795000076293945,29.83016014099121,0.06461002677679062,4,0.597,0.09250000000000003
36300,0,57.05250930786133,0.06595852226018906,0.4311746656894684,0.7960000038146973,25.752792358398438,0.06595852226018906,4,0.5935,0.09599999999999997
36350,0,55.00274658203125,0.06619691848754883,0.43493080139160156,0.7409999966621399,34.522605895996094,0.06619691848754883,4,0.566,0.12350000000000005
36400,0,50.23717498779297,0.06142595037817955,0.4226369857788086,0.8105000257492065,22.801273345947266,0.06142595037817955,4,0.6095,0.07999999999999996
36450,0,52.14178466796875,0.06014091521501541,0.42007026076316833,0.7950000166893005,24.948116302490234,0.06014091521501541,4,0.6005,0.08899999999999997
36500,0,53.59442138671875,0.06348183006048203,0.4342330992221832,0.7570000290870667,32.414676666259766,0.06348183006048203,4,0.5725,0.11699999999999999
36550,0,51.42974853515625,0.05775614455342293,0.42322802543640137,0.7925000190734863,26.927047729492188,0.05775614455342293,4,0.6105,0.07899999999999996
36600,0,52.11840057373047,0.06453334540128708,0.42608675360679626,0.8029999732971191,23.602046966552734,0.06453334540128708,4,0.5925,0.09699999999999998
36650,0,49.08873748779297,0.05613623186945915,0.40570464730262756,0.7975000143051147,25.335906982421875,0.05613623186945915,4,0.6095,0.07999999999999996
36700,0,49.98097610473633,0.05880094692111015,0.40691375732421875,0.796500027179718,21.779775619506836,0.05880094692111015,4,0.607,0.08250000000000002
36750,0,51.28911209106445,0.06460657715797424,0.43506965041160583,0.7914999723434448,26.661449432373047,0.06460657715797424,4,0.5955,0.09399999999999997
36800,0,50.37089157104492,0.05604422092437744,0.4021279811859131,0.8044999837875366,24.6427059173584,0.05604422092437744,4,0.606,0.08350000000000002
36850,0,50.435760498046875,0.062022093683481216,0.4302078187465668,0.8029999732971191,25.69655418395996,0.062022093683481216,4,0.605,0.08450000000000002
36900,0,52.35865020751953,0.05988888069987297,0.41575732827186584,0.8220000267028809,20.39852523803711,0.05988888069987297,4,0.6175,0.07199999999999995
36950,0,53.01091384887695,0.05939392372965813,0.4269956946372986,0.8230000138282776,23.771385192871094,0.05939392372965813,4,0.5995,0.08999999999999997
37000,0,50.012603759765625,0.05462181195616722,0.40941452980041504,0.8134999871253967,22.59545135498047,0.05462181195616722,4,0.617,0.07250000000000001
37050,0,50.821754455566406,0.05632997304201126,0.4199323058128357,0.7835000157356262,22.552730560302734,0.05632997304201126,4,0.6135,0.07599999999999996
37100,0,48.68500900268555,0.058775343000888824,0.4228608012199402,0.8140000104904175,21.005962371826172,0.058775343000888824,4,0.6105,0.07899999999999996
37150,0,53.8354606628418,0.059536162763834,0.4218994081020355,0.8009999990463257,22.360050201416016,0.059536162763834,4,0.604,0.08550000000000002
37200,0,52.964195251464844,0.05818730220198631,0.4135017395019531,0.815500020980835,22.010074615478516,0.05818730220198631,4,0.609,0.08050000000000002
37250,0,51.67920684814453,0.05765634775161743,0.4147152006626129,0.7985000014305115,20.667789459228516,0.05765634775161743,4,0.6005,0.08899999999999997
37300,0,50.4592170715332,0.05844573304057121,0.42130547761917114,0.8040000200271606,21.308528900146484,0.05844573304057121,4,0.607,0.08250000000000002
37350,0,50.98444366455078,0.057137228548526764,0.4151429235935211,0.7875000238418579,20.907115936279297,0.057137228548526764,4,0.6025,0.08699999999999997
37400,0,49.24060821533203,0.056294918060302734,0.4106575548648834,0.7894999980926514,20.999412536621094,0.056294918060302734,4,0.618,0.07150000000000001
37450,0,51.061912536621094,0.054387666285037994,0.40957894921302795,0.8190000057220459,20.867938995361328,0.054387666285037994,4,0.619,0.07050000000000001
37500,0,48.81163024902344,0.05579259246587753,0.40762248635292053,0.8305000066757202,17.830760955810547,0.05579259246587753,4,0.6275,0.062000000000000055
37550,0,48.784767150878906,0.05659915506839752,0.41270843148231506,0.8230000138282776,18.16838836669922,0.05659915506839752,4,0.6295,0.06000000000000005
37600,0,50.64812469482422,0.057139668613672256,0.4109143316745758,0.8374999761581421,17.37932014465332,0.057139668613672256,4,0.6195,0.06999999999999995
37650,0,49.3359260559082,0.056866250932216644,0.4129200875759125,0.8149999976158142,19.491069793701172,0.056866250932216644,4,0.621,0.0685
37700,0,50.396766662597656,0.05658291280269623,0.416090726852417,0.8220000267028809,19.04159927368164,0.05658291280269623,4,0.627,0.0625
37750,0,49.10999298095703,0.05558057129383087,0.4079236090183258,0.8270000219345093,16.901168823242188,0.05558057129383087,4,0.6205,0.06899999999999995
37800,0,47.79536819458008,0.05615917965769768,0.41018739342689514,0.8119999766349792,17.938478469848633,0.05615917965769768,4,0.6195,0.06999999999999995
37850,0,49.84572982788086,0.05833779275417328,0.41062766313552856,0.8090000152587891,18.87667465209961,0.05833779275417328,4,0.6165,0.07299999999999995
37900,0,49.61849594116211,0.05660072714090347,0.41161078214645386,0.8314999938011169,16.700443267822266,0.05660072714090347,4,0.627,0.0625
37950,0,49.29353332519531,0.05495775490999222,0.4077303409576416,0.8389999866485596,17.556468963623047,0.05495775490999222,4,0.6195,0.06999999999999995
38000,0,49.951454162597656,0.05725986137986183,0.41316112875938416,0.8259999752044678,18.883634567260742,0.05725986137986183,4,0.6235,0.06599999999999995
38050,0,49.2962760925293,0.05645565688610077,0.40699663758277893,0.8274999856948853,16.783370971679688,0.05645565688610077,4,0.6215,0.06799999999999995
38100,0,50.744781494140625,0.056834686547517776,0.41084417700767517,0.8330000042915344,18.361011505126953,0.056834686547517776,4,0.621,0.0685
38150,0,50.50366973876953,0.05572379752993584,0.407420814037323,0.828499972820282,16.303640365600586,0.05572379752993584,4,0.6295,0.06000000000000005
38200,0,50.35474395751953,0.05484569072723389,0.4076102674007416,0.8324999809265137,17.28496742248535,0.05484569072723389,4,0.6195,0.06999999999999995
38250,0,49.618247985839844,0.05481407418847084,0.40527859330177307,0.8289999961853027,15.88391399383545,0.05481407418847084,4,0.632,0.057499999999999996
38300,0,50.728912353515625,0.055084146559238434,0.4075492322444916,0.8360000252723694,16.736936569213867,0.055084146559238434,4,0.6285,0.061000000000000054
38350,0,48.67597579956055,0.05402521789073944,0.4060378968715668,0.8299999833106995,15.87073802947998,0.05402521789073944,4,0.6315,0.05800000000000005
38400,0,49.071834564208984,0.05494258180260658,0.40677016973495483,0.8309999704360962,16.145225524902344,0.05494258180260658,4,0.6295,0.06000000000000005
38450,0,48.6805419921875,0.05495329946279526,0.4056105613708496,0.828499972820282,16.19765281677246,0.05495329946279526,4,0.63,0.0595
38500,0,49.25387191772461,0.05413319915533066,0.3999521732330322,0.8370000123977661,15.5130615234375,0.05413319915533066,4,0.636,0.05349999999999999
38550,0,48.21044158935547,0.05463552847504616,0.40041667222976685,0.8364999890327454,15.679125785827637,0.05463552847504616,4,0.625,0.0645
38600,0,49.16570281982422,0.0554950013756752,0.40357595682144165,0.8190000057220459,16.236833572387695,0.0554950013756752,4,0.629,0.0605
38650,0,48.32236099243164,0.05550439655780792,0.40427112579345703,0.828000009059906,15.467546463012695,0.05550439655780792,4,0.633,0.056499999999999995
38700,0,50.188026428222656,0.05488070845603943,0.4043881297111511,0.8379999995231628,15.426051139831543,0.05488070845603943,4,0.6295,0.06000000000000005
38750,0,49.267547607421875,0.05452695116400719,0.4022136628627777,0.8314999938011169,15.851766586303711,0.05452695116400719,4,0.6315,0.05800000000000005
38800,0,49.82209396362305,0.05453706160187721,0.4016020894050598,0.8314999938011169,15.517578125,0.05453706160187721,4,0.6335,0.05600000000000005
38850,0,49.30107879638672,0.053887639194726944,0.39787256717681885,0.8355000019073486,16.078514099121094,0.053887639194726944,4,0.6275,0.062000000000000055
38900,0,48.40205383300781,0.05224829167127609,0.3930194675922394,0.828000009059906,15.629049301147461,0.05224829167127609,4,0.6275,0.062000000000000055
38950,0,47.998321533203125,0.05146156623959541,0.38717755675315857,0.824999988079071,16.335826873779297,0.05146156623959541,4,0.631,0.058499999999999996
39000,0,47.48859405517578,0.050418421626091,0.3817123472690582,0.8209999799728394,16.905078887939453,0.050418421626091,4,0.634,0.055499999999999994
39050,0,47.072975158691406,0.049462560564279556,0.3773425221443176,0.8149999976158142,18.550846099853516,0.049462560564279556,4,0.6345,0.05500000000000005
39100,0,47.30670928955078,0.04849737137556076,0.37175315618515015,0.8100000023841858,20.008825302124023,0.04849737137556076,4,0.6385,0.051000000000000045
39150,0,47.41455841064453,0.0476822704076767,0.36895814538002014,0.8109999895095825,21.143735885620117,0.0476822704076767,4,0.6415,0.04800000000000004
39200,0,47.63846206665039,0.04703722521662712,0.3651107847690582,0.8054999709129333,23.856651306152344,0.04703722521662712,4,0.638,0.05149999999999999
39250,0,48.390357971191406,0.04675430431962013,0.3613972067832947,0.7935000061988831,26.012847900390625,0.04675430431962013,4,0.6365,0.05300000000000005
39300,0,48.868927001953125,0.04671529307961464,0.3596557378768921,0.7900000214576721,27.625652313232422,0.04671529307961464,4,0.637,0.05249999999999999
39350,0,49.44847106933594,0.04614504426717758,0.3591488301753998,0.7829999923706055,29.29874610900879,0.04614504426717758,4,0.64,0.04949999999999999
39400,0,49.658721923828125,0.046522144228219986,0.3583601117134094,0.7839999794960022,30.450740814208984,0.046522144228219986,4,0.64,0.04949999999999999
39450,0,49.861785888671875,0.04672827571630478,0.358378529548645,0.777999997138977,31.584192276000977,0.04672827571630478,4,0.6405,0.049000000000000044
4,0,50.03075408935547,0.046634163707494736,0.359941303730011,0.7770000100135803,33.055397033691406,0.046634163707494736,4,,
4,1,75.29951477050781,0.10234032571315765,0.3883817195892334,0.7114999890327454,,,4,,
4,2,59.085487365722656,0.05993753299117088,0.39968591928482056,0.7225000262260437,,,4,,
4,3,58.13014602661133,0.07968045026063919,0.38752481341362,0.7055000066757202,,,4,,
4,4,66.64575958251953,0.0571158267557621,0.3861917555332184,0.7160000205039978,,,4,,
