dataset,experiment_name,method,average_accuracy_mean,average_accuracy_std,average_accuracy_count,average_forgetting_mean,average_forgetting_std,average_forgetting_count,backward_transfer_mean,backward_transfer_std,backward_transfer_count,etf_forgetting_corr_mean,etf_forgetting_corr_std,etf_forgetting_corr_count
cifar10,kaggle_cifar10_full,etf_anchor,0.6668333333333333,0.10092375009547229,3,0.3330416666666667,0.10134727837161354,3,-0.3330416666666667,0.10134727837161354,3,0.18599182414525028,0.10677105504117924,3
cifar10,kaggle_cifar10_full,ewc,0.6525333333333333,0.11518095907455074,3,0.3804583333333333,0.13726140283536864,3,-0.3804583333333333,0.13726140283536864,3,,,0
cifar10,kaggle_cifar10_full,finetune,0.6622666666666667,0.11849398015651823,3,0.38083333333333336,0.1442802358548576,3,-0.38083333333333336,0.1442802358548576,3,,,0
cifar10,kaggle_cifar10_full,lwf,0.9563333333333333,0.007637626158259752,3,0.0028749999999999,0.0010897247358851684,3,-0.0024999999999999003,0.0010680004681646912,3,,,0
cifar10,kaggle_cifar10_lwf_etf_strong,lwf_etf,0.9135,0.00481352261862345,3,0.051666666666666604,0.011623207747146763,3,-0.051499999999999935,0.011339229471176568,3,0.11205519583169544,0.19702192878413974,3
cifar100,kaggle_cifar_full,etf_anchor,0.2133999999999999,,1,0.137125,,1,-0.111625,,1,0.4207369745440483,,1
cifar100,kaggle_cifar_full,ewc,0.48390000000000005,0.019095287376732526,3,0.27308333333333334,0.01823858090239844,3,-0.27308333333333334,0.01823858090239844,3,,,0
cifar100,kaggle_cifar_full,finetune,0.42840000000000006,0.022941883096206383,3,0.3857083333333333,0.01772063298342735,3,-0.3857083333333333,0.01772063298342735,3,,,0
cifar100,kaggle_cifar_full,lwf,0.6801,0.010705606008068913,3,0.011708333333333267,0.009979927771949669,3,-0.010749999999999966,0.009126712168135862,3,,,0
cifar100,kaggle_etf_sparse,etf_anchor,0.2918,0.2081102832634658,3,0.46749999999999997,0.18057477675467298,3,-0.46749999999999997,0.18057477675467298,3,0.5980072043096532,0.04361378243219689,3
cifar100,kaggle_lwf_etf,lwf_etf,0.6477999999999999,,1,0.03325,,1,-0.0328749999999999,,1,0.8409137258898832,,1
cifar100,kaggle_lwf_etf_strong,lwf_etf,0.6638666666666667,0.010004165798972552,3,0.030416666666666634,0.0016645820296197912,3,-0.030041666666666633,0.0021877975988041274,3,0.6118241668531536,0.2694570367686684,3
