group,figure,png_path,pdf_path,png_bytes,pdf_bytes
core,fig_accuracy_matrices_cifar10,figures_paper\fig_accuracy_matrices_cifar10.png,figures_paper\fig_accuracy_matrices_cifar10.pdf,84688,18727
core,fig_accuracy_matrices_cifar100,figures_paper\fig_accuracy_matrices_cifar100.png,figures_paper\fig_accuracy_matrices_cifar100.pdf,86721,19077
core,fig_bwt_and_etf_correlation,figures_paper\fig_bwt_and_etf_correlation.png,figures_paper\fig_bwt_and_etf_correlation.pdf,117946,16378
core,fig_cifar100_core_diagnostics,figures_paper\fig_cifar100_core_diagnostics.png,figures_paper\fig_cifar100_core_diagnostics.pdf,191454,78791
core,fig_main_accuracy_forgetting,figures_paper\fig_main_accuracy_forgetting.png,figures_paper\fig_main_accuracy_forgetting.pdf,146374,15398
core,fig_nc_diagnostic_heatmap,figures_paper\fig_nc_diagnostic_heatmap.png,figures_paper\fig_nc_diagnostic_heatmap.pdf,83635,16170
core,fig_nc_forgetting_scatter,figures_paper\fig_nc_forgetting_scatter.png,figures_paper\fig_nc_forgetting_scatter.pdf,510509,109980
extended,fig_accuracy_forgetting_tradeoff,figures_tnnls\fig_accuracy_forgetting_tradeoff.png,figures_tnnls\fig_accuracy_forgetting_tradeoff.pdf,71973,18573
extended,fig_accuracy_matrix_std_cifar10,figures_tnnls\fig_accuracy_matrix_std_cifar10.png,figures_tnnls\fig_accuracy_matrix_std_cifar10.pdf,92590,21386
extended,fig_accuracy_matrix_std_cifar100,figures_tnnls\fig_accuracy_matrix_std_cifar100.png,figures_tnnls\fig_accuracy_matrix_std_cifar100.pdf,96008,21348
extended,fig_diagnostic_correlation_bars,figures_tnnls\fig_diagnostic_correlation_bars.png,figures_tnnls\fig_diagnostic_correlation_bars.pdf,96514,13564
extended,fig_drift_forgetting_trajectories_cifar10,figures_tnnls\fig_drift_forgetting_trajectories_cifar10.png,figures_tnnls\fig_drift_forgetting_trajectories_cifar10.pdf,319582,41338
extended,fig_drift_forgetting_trajectories_cifar100,figures_tnnls\fig_drift_forgetting_trajectories_cifar100.png,figures_tnnls\fig_drift_forgetting_trajectories_cifar100.pdf,293746,42011
extended,fig_etf_correlation_seed_distribution,figures_tnnls\fig_etf_correlation_seed_distribution.png,figures_tnnls\fig_etf_correlation_seed_distribution.pdf,42141,13784
extended,fig_etf_loss_components_cifar100_seed42,figures_tnnls\fig_etf_loss_components_cifar100_seed42.png,figures_tnnls\fig_etf_loss_components_cifar100_seed42.pdf,173689,18985
extended,fig_final_task_accuracy_profiles,figures_tnnls\fig_final_task_accuracy_profiles.png,figures_tnnls\fig_final_task_accuracy_profiles.pdf,133494,18903
extended,fig_method_diagnostic_heatmap_cifar10,figures_tnnls\fig_method_diagnostic_heatmap_cifar10.png,figures_tnnls\fig_method_diagnostic_heatmap_cifar10.pdf,99824,16877
extended,fig_method_diagnostic_heatmap_cifar100,figures_tnnls\fig_method_diagnostic_heatmap_cifar100.png,figures_tnnls\fig_method_diagnostic_heatmap_cifar100.pdf,108826,17200
extended,fig_method_rank_summary,figures_tnnls\fig_method_rank_summary.png,figures_tnnls\fig_method_rank_summary.pdf,82915,14881
extended,fig_nc1_nc4_trajectories_cifar10,figures_tnnls\fig_nc1_nc4_trajectories_cifar10.png,figures_tnnls\fig_nc1_nc4_trajectories_cifar10.pdf,394535,49731
extended,fig_nc1_nc4_trajectories_cifar100,figures_tnnls\fig_nc1_nc4_trajectories_cifar100.png,figures_tnnls\fig_nc1_nc4_trajectories_cifar100.pdf,308763,51556
extended,fig_pairwise_nc_forgetting_correlations,figures_tnnls\fig_pairwise_nc_forgetting_correlations.png,figures_tnnls\fig_pairwise_nc_forgetting_correlations.pdf,171096,16854
extended,fig_plasticity_retention_gap,figures_tnnls\fig_plasticity_retention_gap.png,figures_tnnls\fig_plasticity_retention_gap.pdf,44047,13988
extended,fig_seed_level_performance,figures_tnnls\fig_seed_level_performance.png,figures_tnnls\fig_seed_level_performance.pdf,144045,23204
extended,fig_seen_task_average_trajectory,figures_tnnls\fig_seen_task_average_trajectory.png,figures_tnnls\fig_seen_task_average_trajectory.pdf,122232,19239
extended,fig_task_forgetting_profiles,figures_tnnls\fig_task_forgetting_profiles.png,figures_tnnls\fig_task_forgetting_profiles.pdf,148276,19173
extended,fig_training_dynamics_cifar100_seed42,figures_tnnls\fig_training_dynamics_cifar100_seed42.png,figures_tnnls\fig_training_dynamics_cifar100_seed42.pdf,213220,22810
