dataset,method,avg_acc_mean,avg_acc_std,forgetting_mean,forgetting_std,bwt_mean,bwt_std,etf_corr_mean,etf_corr_std
CIFAR-10,Finetune,0.6622666666666667,0.11849398015651823,0.38083333333333336,0.14428023585485758,-0.38083333333333336,0.14428023585485758,,
CIFAR-10,EWC,0.6525333333333333,0.11518095907455075,0.3804583333333333,0.13726140283536864,-0.3804583333333333,0.13726140283536864,,
CIFAR-10,LwF,0.9563333333333333,0.00763762615825974,0.0028749999999999,0.0010897247358851686,-0.0024999999999999,0.0010680004681646914,,
CIFAR-10,ETF Anchor,0.6668333333333333,0.1009237500954723,0.3330416666666666,0.10134727837161356,-0.3330416666666666,0.10134727837161356,0.18599182414525028,0.10677105504117924
CIFAR-10,LwF+ETF Strong,0.9135,0.004813522618623475,0.051666666666666604,0.011623207747146765,-0.051499999999999935,0.011339229471176568,0.11205519583169544,0.19702192878413974
CIFAR-100,Finetune,0.42840000000000006,0.022941883096206383,0.3857083333333333,0.01772063298342735,-0.3857083333333333,0.01772063298342735,,
CIFAR-100,EWC,0.48390000000000005,0.019095287376732533,0.27308333333333334,0.018238580902398438,-0.27308333333333334,0.018238580902398438,,
CIFAR-100,LwF,0.6801,0.010705606008068901,0.011708333333333267,0.009979927771949669,-0.010749999999999968,0.00912671216813586,,
CIFAR-100,ETF Anchor Sparse,0.29179999999999995,0.20811028326346584,0.46749999999999997,0.180574776754673,-0.46749999999999997,0.180574776754673,0.5980072043096532,0.043613782432196886
CIFAR-100,LwF+ETF Strong,0.6638666666666667,0.010004165798972566,0.030416666666666634,0.001664582029619791,-0.030041666666666633,0.0021877975988041274,0.6118241668531536,0.26945703676866833
