table,csv_path,tex_path,csv_bytes,tex_bytes
table_delta_vs_lwf,tables_tnnls\table_delta_vs_lwf.csv,tables_tnnls\table_delta_vs_lwf.tex,479,673
table_etf_correlation_per_seed,tables_tnnls\table_etf_correlation_per_seed.csv,tables_tnnls\table_etf_correlation_per_seed.tex,463,644
table_experiment_completion,tables_tnnls\table_experiment_completion.csv,tables_tnnls\table_experiment_completion.tex,696,987
table_experiment_protocol,tables_tnnls\table_experiment_protocol.csv,tables_tnnls\table_experiment_protocol.tex,356,531
table_final_task_accuracy_by_task,tables_tnnls\table_final_task_accuracy_by_task.csv,tables_tnnls\table_final_task_accuracy_by_task.tex,1149,1384
table_key_hyperparameters,tables_tnnls\table_key_hyperparameters.csv,tables_tnnls\table_key_hyperparameters.tex,388,579
table_nc_diagnostic_by_method,tables_tnnls\table_nc_diagnostic_by_method.csv,tables_tnnls\table_nc_diagnostic_by_method.tex,2076,2786
table_nc_diagnostic_summary,tables_tnnls\table_nc_diagnostic_summary.csv,tables_tnnls\table_nc_diagnostic_summary.tex,721,1025
table_plasticity_retention_summary,tables_tnnls\table_plasticity_retention_summary.csv,tables_tnnls\table_plasticity_retention_summary.tex,1020,1234
table_seed_level_results,tables_tnnls\table_seed_level_results.csv,tables_tnnls\table_seed_level_results.tex,1513,2102
table_seen_task_accuracy_trajectory,tables_tnnls\table_seen_task_accuracy_trajectory.csv,tables_tnnls\table_seen_task_accuracy_trajectory.tex,1149,1384
table_task_forgetting_by_task,tables_tnnls\table_task_forgetting_by_task.csv,tables_tnnls\table_task_forgetting_by_task.tex,1149,1384
table_training_log_availability,tables_tnnls\table_training_log_availability.csv,tables_tnnls\table_training_log_availability.tex,1812,3270
